Temperature_(K),Pressure_(Pa),Volume_(m3),Feed_CH3CHO_(mol/s),Product_CH3CHO_(mol/s),Conversion_(%),Heat_Load_(kW),Residence_Time_(s)
940.0,31330,0.9,22.700156358677,10.3264727521896,54.5092439495803,-244.848492649608,0.158950869311463
940.0,31330,0.92,22.700156358677,10.1779885489115,55.1633548769765,-247.787257401669,0.162483110851718
940.0,31330,0.94,22.700156358677,9.77653125856781,56.9318770140066,-255.732850632732,0.166015352391973
940.0,31330,0.96,22.700156358677,9.63222661064159,57.5675759301115,-258.588925872151,0.169547593932228
940.0,31330,0.98,22.700156358677,9.22658976494595,59.3545100784333,-266.61732623743,0.173079835472482
940.0,31330,1.0,22.700156358677,8.95161901813534,60.5658266106452,-272.059606482973,0.176612077012737
940.0,31330,1.02,22.700156358677,8.67664827132429,61.7771431428591,-277.501914176134,0.180144318552992
940.0,31330,1.04,22.700156358677,8.40167752451383,62.9884596750703,-282.944248706225,0.183676560093247
940.0,31330,1.06,22.700156358677,8.27098392855445,63.564198422832,-285.530999546231,0.187208801633501
940.0,31330,1.08,22.700156358677,7.85322087292483,65.4045516302227,-293.799606962372,0.190741043173756
940.0,31330,1.1,22.700156358677,7.57676528408104,66.6224092717103,-299.271407460627,0.194273284714011
940.0,31430,0.9,22.700156358677,10.2671798296356,54.7704444524186,-246.021633495927,0.159458244529739
940.0,31430,0.92,22.700156358677,10.1179841112869,55.4276897858486,-248.974481415925,0.163001761074844
940.0,31430,0.94,22.700156358677,9.71460309501141,57.2046864280824,-256.958151697532,0.16654527761995
940.0,31430,0.96,22.700156358677,9.56960695984614,57.843431522496,-259.827913927985,0.170088794165055
940.0,31430,0.98,22.700156358677,9.1620263603874,59.6389284037452,-267.894788410583,0.17363231071016
940.0,31430,1.0,22.700156358677,8.8857379930754,60.8560493915766,-273.36314952637,0.177175827255266
940.0,31430,1.02,22.700156358677,8.60944962576333,62.0731703794083,-278.83153829173,0.180719343800371
940.0,31430,1.04,22.700156358677,8.3331612584515,63.290291367239,-284.299954089545,0.184262860345476
940.0,31430,1.06,22.700156358677,8.20184139746796,63.8687889727559,-286.899101422915,0.187806376890582
940.0,31430,1.08,22.700156358677,7.78207648101087,65.717960889568,-295.207334602614,0.191349893435687
940.0,31430,1.1,22.700156358677,7.50429615651531,66.941654330734,-300.705357761242,0.194893409980792
940.0,31530,0.9,22.700156358677,10.207792477511,55.03206094169,-247.196642647994,0.159965619946261
940.0,31530,0.92,22.700156358677,10.057884110937,55.69244567299,-250.163596183296,0.163520411500622
940.0,31530,0.94,22.700156358677,9.65257630501483,57.4779303168756,-258.185404207179,0.167075203054984
940.0,31530,0.96,22.700156358677,9.50688758135199,58.1197264409236,-261.06887524466,0.170629994609345
940.0,31530,0.98,22.700156358677,9.09736013251856,59.9237996920618,-269.174285169504,0.174184786163706
940.0,31530,1.0,22.700156358677,8.81975204627028,61.1467343796556,-274.668768726714,0.177739577718068
940.0,31530,1.02,22.700156358677,8.54214396002222,62.3696690672484,-280.163280135796,0.181294369272429
940.0,31530,1.04,22.700156358677,8.26453587377402,63.5926037548417,-285.65781877327,0.184849160826791
940.0,31530,1.06,22.700156358677,8.13258875038045,64.173864611854,-288.269382359242,0.188403952381152
940.0,31530,1.08,22.700156358677,7.71081878494365,66.0318692827143,-296.617304463507,0.191958743935513
940.0,31530,1.1,22.700156358677,7.43171161502981,67.2614078176202,-302.141592079814,0.195513535489875
940.0,31630,0.9,22.700156358677,10.1483108455436,55.294092757804,-248.373517150891,0.160472995561024
940.0,31630,0.92,22.700156358677,9.99768869938579,55.9576218708985,-251.354598713279,0.164039062129047
940.0,31630,0.94,22.700156358677,9.59045104495964,57.7516079914853,-259.414605075135,0.167605128697069
940.0,31630,0.96,22.700156358677,9.44406863328654,58.3964599888027,-262.311806701185,0.171171195265092
940.0,31630,0.98,22.700156358677,9.032591244376,60.2091232251652,-270.455813296354,0.174737261833115
940.0,31630,1.0,22.700156358677,8.75366134408417,61.4378808420051,-275.976460800402,0.178303328401138
940.0,31630,1.02,22.700156358677,8.47473144379214,62.666638458846,-281.497136358991,0.18186939496916
940.0,31630,1.04,22.700156358677,8.19580154350008,63.895396075687,-287.017839342263,0.185435461537183
940.0,31630,1.06,22.700156358677,8.06322616189161,64.47942457097,-289.641838908841,0.189001528105206
940.0,31630,1.08,22.700156358677,7.63944796437829,66.3462760182347,-298.02951299881,0.192567594673229
940.0,31630,1.1,22.700156358677,7.35901184262464,67.5816689262068,-303.580106803949,0.196133661241251
940.0,31730,0.9,22.700156358677,10.0887350827489,55.5565392443098,-249.55225406352,0.160980371374023
940.0,31730,0.92,22.700156358677,9.937398027438,56.2232177152406,-252.547486029569,0.164557712960112
940.0,31730,0.94,22.700156358677,9.52822747048539,58.0257187662794,-260.645751229652,0.168135054546202
940.0,31730,0.96,22.700156358677,9.38115027302769,58.6736314728431,-263.556705191496,0.171712396132291
940.0,31730,0.98,22.700156358677,8.96771985822204,60.4948982882482,-271.739369588478,0.175289737718381
940.0,31730,1.0,22.700156358677,8.68746605209041,61.7294880492324,-277.286222479376,0.17886707930447
940.0,31730,1.02,22.700156358677,8.40721224595881,62.9640778102165,-282.833103627898,0.182444420890559
940.0,31730,1.04,22.700156358677,8.12695843982691,64.1986675712019,-288.38001239773,0.186021762476649
940.0,31730,1.06,22.700156358677,7.99375380577265,64.7854680845972,-291.016467641776,0.189599104062738
940.0,31730,1.08,22.700156358677,7.56796419811635,66.6611803084627,-299.443956679101,0.193176445648828
940.0,31730,1.1,22.700156358677,7.28619702143161,67.9024368541563,-305.020898338511,0.196753787234917
940.0,31830,0.9,22.700156358677,10.0290653374392,55.8193997478537,-250.73285045894,0.161487747385253
940.0,31830,0.92,22.700156358677,9.87701224518442,56.4892325448278,-253.742255169951,0.165076363993814
940.0,31830,0.94,22.700156358677,9.46590573649531,58.3002619588696,-261.878839613558,0.168664980602376
940.0,31830,0.96,22.700156358677,9.31813265720798,58.9512402030386,-264.803567624219,0.172253597210937
940.0,31830,0.98,22.700156358677,8.90274613555141,60.7811241698854,-273.024950858467,0.175842213819498
940.0,31830,1.0,22.700156358677,8.62116633507973,62.021555275392,-278.598050511125,0.179430830428059
940.0,31830,1.02,22.700156358677,8.33958653460762,63.2619863809006,-284.171178624782,0.18301944703662
940.0,31830,1.04,22.700156358677,8.05800673413579,64.5024174864079,-289.744334556796,0.186608063645181
940.0,31830,1.06,22.700156358677,7.92417185497147,65.0919943908558,-292.39326514425,0.190196680253743
940.0,31830,1.08,22.700156358677,7.49636766411434,66.9765813694543,-300.860631991759,0.193785296862304
940.0,31830,1.1,22.700156358677,7.21326733271994,68.2237108029315,-306.463963105321,0.197373913470865
940.0,31930,0.9,22.700156358677,9.96930175722616,56.0826736181689,-251.915303423906,0.161995123594709
940.0,31930,0.92,22.700156358677,9.81653150200865,56.7556657015874,-254.938903186315,0.165595015230147
940.0,31930,0.94,22.700156358677,9.4034859971614,58.5752368900888,-263.11386718402,0.169194906865585
940.0,31930,0.96,22.700156358677,9.25501594172089,59.2292854926384,-266.05239092254,0.172794798501023
940.0,31930,0.98,22.700156358677,8.83767023709718,61.0678001620062,-274.312553934003,0.176394690136461
940.0,31930,1.0,22.700156358677,8.5547623570648,62.3140817979662,-279.911941658455,0.179994581771899
940.0,31930,1.02,22.700156358677,8.27185447703232,63.5603634339265,-285.511358047728,0.183594473407337
940.0,31930,1.04,22.700156358677,7.98894659700041,64.8066450698844,-291.110802452719,0.187194365042775
940.0,31930,1.06,22.700156358677,7.85448048162108,65.3990027314559,-293.772228018693,0.190794256678213
940.0,31930,1.08,22.700156358677,7.42465853948794,67.2924784209695,-302.279535440641,0.194394148313651
940.0,31930,1.1,22.700156358677,7.14022295690384,68.5454899777616,-307.909297543103,0.197994039949089
940.0,32030,0.9,22.700156358677,9.90944448902646,56.3463602080492,-253.099610058889,0.162502500002387
940.0,32030,0.92,22.700156358677,9.75595594659062,57.022516530546,-256.137427144262,0.166113666669107
940.0,32030,0.94,22.700156358677,9.34096840593099,58.8506428839621,-264.350830912636,0.169724833335826
940.0,32030,0.96,22.700156358677,9.19180028172683,59.5077666581212,-267.303172024172,0.173336000002546
940.0,32030,0.98,22.700156358677,8.77249232283526,61.3549255598761,-275.60217565757,0.176947166669266
940.0,32030,1.0,22.700156358677,8.48825428128778,62.6070668978313,-281.227892699449,0.180558333335985
940.0,32030,1.02,22.700156358677,8.20401623973981,63.8592082357888,-286.85363861029,0.184169500002705
940.0,32030,1.04,22.700156358677,7.91977819819199,65.1113495737455,-292.479412734485,0.187780666669425
940.0,32030,1.06,22.700156358677,7.78467985704447,65.7064923516757,-295.1533528835,0.191391833336145
940.0,32030,1.08,22.700156358677,7.35283700052092,67.6088706864332,-303.700663546162,0.195003000002864
940.0,32030,1.1,22.700156358677,7.06706407354867,68.8677735876153,-309.356898107295,0.198614166669584
940.0,32130,0.9,22.700156358677,9.84949367906975,56.6104588733159,-254.285767478103,0.16300987660828
940.0,32130,0.92,22.700156358677,9.69528572691428,57.2897843797965,-257.337824123337,0.166632318310687
940.0,32130,0.94,22.700156358677,9.27835311553125,59.1264792676873,-265.589727785098,0.170254760013093
940.0,32130,0.96,22.700156358677,9.12848583165867,59.7866830191707,-268.555907881149,0.173877201715499
940.0,32130,0.98,22.700156358677,8.70721255199309,61.6424996620571,-276.893812886592,0.177499643417905
940.0,32130,1.0,22.700156358677,8.42164227022414,62.9005098592415,-282.545900427232,0.181122085120312
940.0,32130,1.02,22.700156358677,8.13607198845515,64.158520056426,-288.198017041426,0.184744526822718
940.0,32130,1.04,22.700156358677,7.8505017066862,65.4165302536104,-293.85016206695,0.188366968525124
940.0,32130,1.06,22.700156358677,7.71477015176121,66.014462500333,-296.536636372872,0.19198941022753
940.0,32130,1.08,22.700156358677,7.28090322266929,67.9257573929168,-305.124012844904,0.195611851929936
940.0,32130,1.1,22.700156358677,6.99379086137886,69.1905608451656,-310.806761270034,0.199234293632343
940.0,32230,0.9,22.700156358677,9.78944947290004,56.8749689728103,-255.473772809047,0.163517253412385
940.0,32230,0.92,22.700156358677,9.63452099027072,57.557468600484,-258.540091216622,0.167150970154882
940.0,32230,0.94,22.700156358677,9.21564027797688,59.4027453716007,-266.830554801336,0.17078468689738
940.0,32230,0.96,22.700156358677,9.06507274522887,60.066033898644,-269.810595459942,0.174418403639877
940.0,32230,0.98,22.700156358677,8.64183108305317,61.9305217703935,-278.187462493152,0.178052120382375
940.0,32230,1.0,22.700156358677,8.35492648559159,63.1944099697887,-283.865961650084,0.181685837124872
940.0,32230,1.02,22.700156358677,8.06802188812969,64.4582981691853,-289.544490085406,0.18531955386737
940.0,32230,1.04,22.700156358677,7.78111729066824,65.72218636858,-295.223047130394,0.188953270609867
940.0,32230,1.06,22.700156358677,7.64475153549455,66.3229124297534,-297.922075136883,0.192586987352365
940.0,32230,1.08,22.700156358677,7.20885738057097,68.2431377710954,-306.549579889843,0.196220704094862
940.0,32230,1.1,22.700156358677,6.92040349828303,69.5138509667677,-312.258883519984,0.199854420837359
940.0,32330,0.9,22.700156358677,9.72931201538585,57.1398898683494,-256.663623192885,0.164024630414696
940.0,32330,0.92,22.700156358677,9.57366188326594,57.8255685467714,-259.744225530844,0.167669622201689
940.0,32330,0.94,22.700156358677,9.15283004457247,59.6794405291669,-268.073308975157,0.171314613988682
940.0,32330,0.96,22.700156358677,9.0015611754315,60.3458186225633,-271.067231740926,0.174959605775675
940.0,32330,0.98,22.700156358677,8.57634807375969,62.2189911899817,-279.48312136393,0.178604597562669
940.0,32330,1.0,22.700156358677,8.28810708835318,63.4887665203896,-285.188073191002,0.182249589349662
940.0,32330,1.02,22.700156358677,7.99986610294677,64.7585418507971,-290.893054501736,0.185894581136655
940.0,32330,1.04,22.700156358677,7.71162511754032,66.0283171812048,-296.598064620729,0.189539572923648
940.0,32330,1.06,22.700156358677,7.57462417717658,66.6318413957478,-299.309665841044,0.193184564710642
940.0,32330,1.08,22.700156358677,7.13669964804849,68.5610110552365,-307.977361249895,0.196829556497635
940.0,32330,1.1,22.700156358677,6.84690216132086,69.8376431724283,-313.713261362085,0.200474548284628
940.0,32430,0.9,22.700156358677,9.66908145072031,57.4052209247256,-257.85531578385,0.164532007615207
940.0,32430,0.92,22.700156358677,9.51270855182483,58.0940835758224,-260.95022418617,0.168188274451101
940.0,32430,0.94,22.700156358677,9.08992256592224,59.9565640769357,-269.317987334373,0.171844541286994
940.0,32430,0.96,22.700156358677,8.93795127455112,60.6260365200761,-272.325813718632,0.175500808122888
940.0,32430,0.98,22.700156358677,8.51076368112395,62.5079072291466,-280.78078640005,0.179157074958781
940.0,32430,1.0,22.700156358677,8.22118423872511,63.7835788052508,-286.512231887862,0.182813341794675
940.0,32430,1.02,22.700156358677,7.93160479632605,65.0592503813559,-292.243707064918,0.186469608630568
940.0,32430,1.04,22.700156358677,7.64202535392701,66.3349219574609,-297.975211249125,0.190125875466462
940.0,32430,1.06,22.700156358677,7.50438824495459,66.9412486575843,-300.699405166534,0.193782142302355
940.0,32430,1.08,22.700156358677,7.06443019811794,68.8793764831597,-309.407353509964,0.197438409138249
940.0,32430,1.1,22.700156358677,6.77328702673008,70.1619366857752,-315.169891317587,0.201094675974142
940.0,32530,0.9,22.700156358677,9.60875792243069,57.6709615096647,-259.048847749523,0.165039385013915
940.0,32530,0.92,22.700156358677,9.45166114119563,58.3630130477811,-262.158084316059,0.168706926903113
940.0,32530,0.94,22.700156358677,9.02691799193072,60.2341153545392,-270.564586920466,0.172374468792311
940.0,32530,0.96,22.700156358677,8.87424319416766,60.9066869234338,-273.586338401596,0.17604201068151
940.0,32530,0.98,22.700156358677,8.44507806143116,62.797269199412,-282.080454517069,0.179709552570708
940.0,32530,1.0,22.700156358677,8.15415809618085,64.0788461218507,-287.838434593122,0.183377094459906
940.0,32530,1.02,22.700156358677,7.86323813093119,65.3604230442866,-293.59644456441,0.187044636349104
940.0,32530,1.04,22.700156358677,7.57231816568131,66.6419999667234,-299.354483742081,0.190712178238302
940.0,32530,1.06,22.700156358677,7.43404390619755,67.2511334779598,-302.091289809846,0.1943797201275
940.0,32530,1.08,22.700156358677,6.99204920299384,69.1982332962162,-310.839553270775,0.198047262016698
940.0,32530,1.1,22.700156358677,6.69955826993151,70.4867307340346,-316.628769923766,0.201714803905896
940.0,32630,0.9,22.700156358677,9.54834157338075,57.937110993815,-260.244216270465,0.165546762610814
940.0,32630,0.92,22.700156358677,9.39051979595727,58.6323563257405,-263.36780306731,0.169225579557721
940.0,32630,0.94,22.700156358677,8.96381647181176,60.5120937046524,-271.813104788626,0.172904396504628
940.0,32630,0.96,22.700156358677,8.81043708516058,61.1877691679739,-274.848802812063,0.176583213451535
940.0,32630,0.98,22.700156358677,8.37929137024314,63.0870764154882,-283.382122644652,0.180262030398442
940.0,32630,1.0,22.700156358677,8.08702881945887,64.3745677709059,-289.166678173877,0.183940847345349
940.0,32630,1.02,22.700156358677,7.79476626867473,65.662059126323,-294.951263804536,0.187619664292256
940.0,32630,1.04,22.700156358677,7.50250371789003,66.9495504817427,-300.735878841096,0.191298481239163
940.0,32630,1.06,22.700156358677,7.36359132750259,67.5614951229713,-303.485316482749,0.19497729818607
940.0,32630,1.08,22.700156358677,6.91955683409565,69.5175807392591,-312.273957148736,0.198656115132977
940.0,32630,1.1,22.700156358677,6.62571606553713,70.8120245479961,-318.089893734026,0.202334932079884
940.0,32730,0.9,22.700156358677,9.48783254577717,58.2036687507198,-261.441418540302,0.166054140405899
940.0,32730,0.92,22.700156358677,9.32928466002237,58.9021127757285,-264.579377599775,0.169744232414919
940.0,32730,0.94,22.700156358677,8.90061815409294,60.7904984729732,-273.063538007706,0.173434324423939
940.0,32730,0.96,22.700156358677,8.7465330977149,61.4692825920928,-276.113203986,0.177124416432959
940.0,32730,0.98,22.700156358677,8.31340376240848,63.3773281952275,-284.685787726839,0.180814508441979
940.0,32730,1.0,22.700156358677,8.01979656656623,64.6707430563547,-290.496959511578,0.184504600450999
940.0,32730,1.02,22.700156358677,7.72618937072418,65.9641579174811,-296.308161604309,0.188194692460019
940.0,32730,1.04,22.700156358677,7.43258217488185,67.2575727786087,-302.119393302846,0.191884784469039
940.0,32730,1.06,22.700156358677,7.29303067469826,67.8723328621015,-304.881481912092,0.195574876478059
940.0,32730,1.08,22.700156358677,6.84695326205503,69.8374180606125,-313.710561775899,0.199264968487079
940.0,32730,1.1,22.700156358677,6.55176058735529,71.1378173619896,-319.553259317582,0.202955060496099
940.0,32830,0.9,22.700156358677,9.42723098117456,58.4706341567949,-262.640451765591,0.166561518399165
940.0,32830,0.92,22.700156358677,9.26795587664443,59.1722817666769,-265.792805086469,0.170262885474702
940.0,32830,0.94,22.700156358677,8.83732318661875,61.0693290082086,-274.31588365984,0.173964252550239
940.0,32830,0.96,22.700156358677,8.68253138132719,61.7512265372201,-277.379538973077,0.177665619625776
940.0,32830,0.98,22.700156358677,8.24741539206341,63.6680238596203,-285.991446721512,0.181366986701313
940.0,32830,1.0,22.700156358677,7.95246149478564,64.9673712853266,-291.829275502024,0.18506835377685
940.0,32830,1.02,22.700156358677,7.65750759750777,66.2667187110333,-297.667134797422,0.188769720852387
940.0,32830,1.04,22.700156358677,7.36255370022951,67.5660661367417,-303.50502389874,0.192471087927924
940.0,32830,1.06,22.700156358677,7.22236211285371,68.1836459681785,-306.279782839803,0.196172455003461
940.0,32830,1.08,22.700156358677,6.77423865671945,70.1577445120547,-315.149363799709,0.199873822078998
940.0,32830,1.1,22.700156358677,6.47769200839623,71.4641084138604,-321.018863259361,0.203575189154535
940.0,32930,0.9,22.700156358677,9.36653702047912,58.7380065913122,-263.841313165561,0.167068896590607
940.0,32930,0.92,22.700156358677,9.20653358842067,59.4428626704083,-267.008082713243,0.170781538737065
940.0,32930,0.94,22.700156358677,8.77393171655901,61.3485846620381,-275.570138840663,0.174494180883523
940.0,32930,0.96,22.700156358677,8.61843208481068,62.0336003477953,-278.647804836496,0.178206823029981
940.0,32930,0.98,22.700156358677,8.18132641263927,63.9591627327624,-287.299096600481,0.181919465176439
940.0,32930,1.0,22.700156358677,7.8850237606795,65.2644517681241,-293.16362305517,0.185632107322897
940.0,32930,1.02,22.700156358677,7.58872110871933,66.5697408034875,-299.028180231898,0.189344749469355
940.0,32930,1.04,22.700156358677,7.29241845675969,67.8750298388486,-304.892767415083,0.193057391615813
940.0,32930,1.06,22.700156358677,7.15158580628294,68.4954337173572,-307.680216022743,0.196770033762271
940.0,32930,1.08,22.700156358677,6.70141318716037,70.4785593487826,-316.59035988299,0.200482675908728
940.0,32930,1.1,22.700156358677,6.40351050087969,71.7908969449367,-322.486702159963,0.204195318055186
940.0,33030,0.9,22.700156358677,9.30575080395505,59.0057854363722,-265.043999972201,0.16757627498022
940.0,33030,0.92,22.700156358677,9.14501793729876,59.713854861607,-268.22520767889,0.171300192202003
940.0,33030,0.94,22.700156358677,8.71044389041194,61.6282647890995,-276.826300659058,0.175024109423785
940.0,33030,0.96,22.700156358677,8.55423535629832,62.3164033712547,-279.917998652664,0.178748026645568
940.0,33030,0.98,22.700156358677,8.11513697686897,64.2507441418261,-288.608734349581,0.182471943867351
940.0,33030,1.0,22.700156358677,7.8174835200974,65.5619838181898,-294.499999095181,0.186195861089133
940.0,33030,1.02,22.700156358677,7.51983006332552,66.8732234945549,-300.391294770354,0.189919778310916
940.0,33030,1.04,22.700156358677,7.22217660655418,68.1844631709176,-306.282620652691,0.193643695532699
940.0,33030,1.06,22.700156358677,7.08070191855062,68.8076953890934,-309.082778232558,0.197367612754481
940.0,33030,1.08,22.700156358677,6.62847702167723,70.7998618293942,-318.03354670373,0.201091529976264
940.0,33030,1.1,22.700156358677,6.32921623623935,72.1181822000092,-323.956772635478,0.204815447198047
940.0,33130,0.9,22.700156358677,9.24487247122967,59.2739700768807,-266.248509430166,0.168083653567999
940.0,33130,0.92,22.700156358677,9.08340906458003,59.9852577178044,-269.444177194821,0.17181884586951
940.0,33130,0.94,22.700156358677,8.6468598540095,61.9083687469655,-278.084366236985,0.175554038171021
940.0,33130,0.96,22.700156358677,8.48994134325106,62.5996349579952,-281.190117511487,0.179289230472532
940.0,33130,0.98,22.700156358677,8.0488472367898,64.5427674170483,-289.920356968094,0.183024422774044
940.0,33130,1.0,22.700156358677,7.74984092817993,65.8599667520898,-295.838400560108,0.186759615075555
940.0,33130,1.02,22.700156358677,7.4508346195698,67.1771660871324,-301.756475289564,0.190494807377066
940.0,33130,1.04,22.700156358677,7.15182831095966,68.4943654221751,-307.674580427116,0.194229999678577
940.0,33130,1.06,22.700156358677,7.00971061247749,69.1204302661199,-310.487466255528,0.197965191980088
940.0,33130,1.08,22.700156358677,6.55543032780659,71.121651215848,-319.478920955192,0.201700384281599
940.0,33130,1.1,22.700156358677,6.25480938513008,72.4459634272994,-325.429071317413,0.20543557658311
940.0,33230,0.9,22.700156358677,9.1839021612954,59.5425599005405,-267.454838796457,0.168591032353939
940.0,33230,0.92,22.700156358677,9.0217071109268,60.2570706193471,-270.664988485246,0.172337499739582
940.0,33230,0.94,22.700156358677,8.58317975252289,62.18889589612,-279.344332709549,0.176083967125226
940.0,33230,0.96,22.700156358677,8.42555019246094,62.8832944613603,-282.464158515977,0.179830434510869
940.0,33230,0.98,22.700156358677,7.98245734375035,64.8352318916997,-291.233961469096,0.183576901896512
940.0,33230,1.0,22.700156358677,7.68209613936406,66.1583998894896,-297.178824401957,0.187323369282155
940.0,33230,1.02,22.700156358677,7.3817349349777,67.4815678872799,-303.123718680433,0.191069836667798
940.0,33230,1.04,22.700156358677,7.08137373059166,68.8047358850687,-309.068643568299,0.194816304053441
940.0,33230,1.06,22.700156358677,6.93861205014672,69.4336376344189,-311.894276892627,0.198562771439084
940.0,33230,1.08,22.700156358677,6.48227327232286,71.4439267734601,-320.926479345424,0.202309238824727
940.0,33230,1.1,22.700156358677,6.18029011743275,72.7742398784387,-326.903594852515,0.20605570621037
940.0,33330,0.9,22.700156358677,9.12284001251886,59.8115542978112,-268.662985340644,0.169098411338035
940.0,33330,0.92,22.700156358677,8.95991221636478,60.5292929493857,-271.887638786883,0.172856153812214
940.0,33330,0.94,22.700156358677,8.51940373046708,62.4698455999375,-280.606197224758,0.176613896286393
940.0,33330,0.96,22.700156358677,8.36106205005702,63.167381237614,-283.740118782353,0.180371638760571
940.0,33330,0.98,22.700156358677,7.91596744841575,65.1281369020619,-292.549544879131,0.18412938123475
940.0,33330,1.0,22.700156358677,7.61424930738994,66.4572825531246,-298.521267586543,0.187887123708928
940.0,33330,1.02,22.700156358677,7.31253116636436,67.7864282041864,-304.493021848034,0.191644866183107
940.0,33330,1.04,22.700156358677,7.01081302533843,69.1155738552497,-310.464806920398,0.195402608657285
940.0,33330,1.06,22.700156358677,6.86740639290897,69.7473167831994,-313.303206959165,0.199160351131464
940.0,33330,1.08,22.700156358677,6.40900602124848,71.766687770859,-322.376218597482,0.202918093605643
940.0,33330,1.1,22.700156358677,6.10565860226112,73.1030108084376,-328.380339902727,0.206675836079821
940.2,31330,0.9,22.700156358677,10.2694130604522,54.7606064989646,-245.993957531481,0.15891702948986
940.2,31330,0.92,22.700156358677,10.1202441408735,55.4177337769523,-248.946471090473,0.162448519034079
940.2,31330,0.94,22.700156358677,9.71693558053088,57.1944112322529,-256.92923719195,0.165980008578298
940.2,31330,0.96,22.700156358677,9.57196548979958,57.8330415942675,-259.798674354637,0.169511498122517
940.2,31330,0.98,22.700156358677,9.16445810060983,59.6282159655399,-267.864634918882,0.173042987666737
940.2,31330,1.0,22.700156358677,8.88821936064903,60.8451183321847,-273.332376381228,0.176574477210956
940.2,31330,1.02,22.700156358677,8.61198062068853,62.0620206988281,-278.800145389559,0.180105966755175
940.2,31330,1.04,22.700156358677,8.33574188072792,63.278923065472,-284.2679413291,0.183637456299394
940.2,31330,1.06,22.700156358677,8.20444560762498,63.8573167603364,-286.866794009079,0.187168945843613
940.2,31330,1.08,22.700156358677,7.78475609000255,65.7061565259797,-295.174085179746,0.190700435387832
940.2,31330,1.1,22.700156358677,7.50702566084655,66.9296301654018,-300.671484841547,0.194231924932051
940.2,31430,0.9,22.700156358677,10.2098467264243,55.0230114493392,-247.172587530153,0.159424296601983
940.2,31430,0.92,22.700156358677,10.0599630108371,55.6832875867319,-250.139250151296,0.162967058748694
940.2,31430,0.94,22.700156358677,9.65472185387962,57.4684786248657,-258.160271462403,0.166509820895405
940.2,31430,0.96,22.700156358677,9.50905708732408,58.1101692117231,-261.043459655972,0.170052583042115
940.2,31430,0.98,22.700156358677,9.09959698133497,59.9139458003922,-269.148074352433,0.173595345188826
940.2,31430,1.0,22.700156358677,8.82203454506289,61.1366793881544,-274.642018713011,0.177138107335537
940.2,31430,1.02,22.700156358677,8.54447210879064,62.3594129759174,-280.1359908217,0.180680869482247
940.2,31430,1.04,22.700156358677,8.26690967251802,63.582146563682,-285.62999005745,0.184223631628958
940.2,31430,1.06,22.700156358677,8.13498424655772,64.1633118379461,-288.241297230935,0.187766393775669
940.2,31430,1.08,22.700156358677,7.71328363712948,66.0210109778335,-296.588399563655,0.19130915592238
940.2,31430,1.1,22.700156358677,7.43422236370134,67.2503473269705,-302.112144573891,0.19485191806909
940.2,31530,0.9,22.700156358677,10.1501855274748,55.2858343039784,-248.353094582128,0.159931563911747
940.2,31530,0.92,22.700156358677,9.99958587750076,55.9492643156245,-251.333928817819,0.163485598665341
940.2,31530,0.94,22.700156358677,9.59240904608798,57.7429824952666,-259.393266314128,0.167039633418935
940.2,31530,0.96,22.700156358677,9.44604849737226,58.3877381806599,-262.290227456628,0.17059366817253
940.2,31530,0.98,22.700156358677,9.03463256470139,60.2001306865538,-270.433557897259,0.174147702926124
940.2,31530,1.0,22.700156358677,8.75574432400808,61.4287047821974,-275.953746921598,0.177701737679718
940.2,31530,1.02,22.700156358677,8.47685608331449,62.6572788778423,-281.473963896663,0.181255772433313
940.2,31530,1.04,22.700156358677,8.19796784262137,63.8858529734852,-286.994208195051,0.184809807186907
940.2,31530,1.06,22.700156358677,8.06541226181984,64.4697942411446,-289.617989713786,0.188363841940502
940.2,31530,1.08,22.700156358677,7.64169735773433,66.3363668646567,-298.004966664913,0.191917876694096
940.2,31530,1.1,22.700156358677,7.3613031205411,67.5715752604176,-303.555099016352,0.19547191144769
940.2,31630,0.9,22.700156358677,10.0904296140228,55.5490744002483,-249.535475718647,0.160438831419146
940.2,31630,0.92,22.700156358677,9.93911289308686,56.2156632930517,-252.53050408548,0.164004138784016
940.2,31630,0.94,22.700156358677,9.52999731426001,58.0179221513722,-260.628218646284,0.167569446148885
940.2,31630,0.96,22.700156358677,9.38293987880246,58.6657478012662,-263.538974621162,0.171134753513755
940.2,31630,0.98,22.700156358677,8.96956501449798,60.4867699024927,-271.721082320382,0.174700060878625
940.2,31630,1.0,22.700156358677,8.68934886461647,61.7211937780551,-277.267557708065,0.178265368243495
940.2,31630,1.02,22.700156358677,8.40913271473511,62.9556176536169,-282.814061249471,0.181830675608365
940.2,31630,1.04,22.700156358677,8.12891656485419,64.1900415291767,-288.360592310773,0.185395982973235
940.2,31630,1.06,22.700156358677,7.99572982881563,64.776763197231,-290.996867995001,0.188961290338105
940.2,31630,1.08,22.700156358677,7.56999743230102,66.6522233913714,-299.423782920653,0.192526597702975
940.2,31630,1.1,22.700156358677,7.28826811521037,67.8933131558608,-305.000344539721,0.196091905067845
940.2,31730,0.9,22.700156358677,10.0305791357709,55.8127310786704,-250.719727984786,0.160946099124175
940.2,31730,0.92,22.700156358677,9.87854420909617,56.4824838516139,-253.728972964055,0.164522679104713
940.2,31730,0.94,22.700156358677,9.46748681475295,58.2932969043887,-261.865125372672,0.16809925908525
940.2,31730,0.96,22.700156358677,9.31973138971775,58.9441973770575,-264.789698028869,0.171675839065787
940.2,31730,0.98,22.700156358677,8.90439449373494,60.7738627301072,-273.010644404147,0.175252419046324
940.2,31730,1.0,22.700156358677,8.62284833322599,62.0141456429662,-278.583447789093,0.178828999026862
940.2,31730,1.02,22.700156358677,8.34130217271679,63.2544285558263,-284.156279531079,0.182405579007399
940.2,31730,1.04,22.700156358677,8.05975601220792,64.494711468685,-289.729138989829,0.185982158987936
940.2,31730,1.06,22.700156358677,7.92593712211783,65.0842179371677,-292.377928628568,0.189558738968473
940.2,31730,1.08,22.700156358677,7.49818404045641,66.9685797666752,-300.844844785001,0.19313531894901
940.2,31730,1.1,22.700156358677,7.21511753068065,68.2155602072639,-306.447877531933,0.196711898929548
940.2,31830,0.9,22.700156358677,9.97063424171547,56.0768036828775,-251.905848439923,0.161453367026831
940.2,31830,0.92,22.700156358677,9.81787997631205,56.7497253270715,-254.929332477508,0.165041219627427
940.2,31830,0.94,22.700156358677,9.40487770318362,58.5691060687841,-263.103983421709,0.168629072228023
940.2,31830,0.96,22.700156358677,9.25642318747315,59.2230862148448,-266.042394573857,0.172216924828619
940.2,31830,0.98,22.700156358677,9.25642318747315,59.2230862148448,0.0,0.175804777429216
940.2,31830,1.0,22.700156358677,8.55624289538651,62.3075596476412,-279.901413896848,0.179392630029812
940.2,31830,1.02,22.700156358677,8.27336462612068,63.5537108405941,-285.500615408217,0.182980482630408
940.2,31830,1.04,22.700156358677,7.9904863568548,64.7998620335472,-291.099844833574,0.186568335231004
940.2,31830,1.06,22.700156358677,7.8560343154729,65.3921576955571,-293.761168184793,0.190156187831601
940.2,31830,1.08,22.700156358677,7.42625736097713,67.2854352030113,-302.268148728762,0.193744040432197
940.2,31830,1.1,22.700156358677,7.14185154905736,68.5383156124058,-307.897694398042,0.197331893032793
940.2,31930,0.9,22.700156358677,9.9105950801489,56.3412915596036,-253.09383415719,0.161960635127106
940.2,31930,0.92,22.700156358677,9.7571203448064,57.0173870583195,-256.131579663791,0.165559760352153
940.2,31930,0.94,22.700156358677,9.3421701344365,58.8453489622528,-264.344789736459,0.1691588855772
940.2,31930,0.96,22.700156358677,9.19301542868137,59.5024136247088,-267.297061164953,0.172758010802247
940.2,31930,0.98,22.700156358677,8.77374518872406,61.3494063649022,-275.595868759418,0.176357136027294
940.2,31930,1.0,22.700156358677,8.48953271586787,62.6014350662267,-281.221452779009,0.17995626125234
940.2,31930,1.02,22.700156358677,8.20532024301182,63.8534637675507,-286.847065563472,0.183555386477387
940.2,31930,1.04,22.700156358677,7.92110777015537,65.1054924688764,-292.472706459444,0.187154511702434
940.2,31930,1.06,22.700156358677,7.78602158180686,65.7005817106158,-295.146583250093,0.190753636927481
940.2,31930,1.08,22.700156358677,7.35421757179652,67.602788916538,-303.693691239467,0.194352762152528
940.2,31930,1.1,22.700156358677,7.06847035158706,68.861578572849,-309.349791560104,0.197951887377575
940.2,32030,0.9,22.700156358677,9.85046179866642,56.606194058654,-254.283682223501,0.162467903424998
940.2,32030,0.92,22.700156358677,9.69626546394597,57.2854683873593,-257.335711574922,0.166078301278887
940.2,32030,0.94,22.700156358677,9.27936426266548,59.1220249057073,-265.587541274158,0.169688699132775
940.2,32030,0.96,22.700156358677,9.12950826921904,59.7821789199732,-268.553694725545,0.173299096986664
940.2,32030,0.98,22.700156358677,8.70826672666518,61.6378557527579,-276.891524671458,0.176909494840553
940.2,32030,1.0,22.700156358677,8.42271795866509,62.8957711762829,-282.543561198596,0.180519892694442
940.2,32030,1.02,22.700156358677,8.13716919066474,64.153686599809,-288.195626694988,0.184130290548331
940.2,32030,1.04,22.700156358677,7.85162042266441,65.4116020233351,-293.847720500831,0.18774068840222
940.2,32030,1.06,22.700156358677,7.71589909323388,66.0094892241369,-296.534170427079,0.191351086256109
940.2,32030,1.08,22.700156358677,7.282064850011,67.9206401270999,-305.121468821182,0.194961484109997
940.2,32030,1.1,22.700156358677,6.99497411866361,69.1853482939124,-310.804165456958,0.198571881963886
940.2,32130,0.9,22.700156358677,9.79023454417071,56.8715105328847,-255.475389739429,0.1629751719205
940.2,32130,0.92,22.700156358677,9.6353154823965,57.5539686592799,-258.541725276639,0.166596842407622
940.2,32130,0.94,22.700156358677,9.21646024130363,59.3991332232357,-266.83223500659,0.170218512894744
940.2,32130,0.96,22.700156358677,9.06590186423132,60.0623814171838,-269.812292193405,0.173840183381866
940.2,32130,0.98,22.700156358677,8.64268593843661,61.9267559135865,-278.189205525008,0.177461853868989
940.2,32130,1.0,22.700156358677,8.35579878700337,63.1905672587607,-283.867735933688,0.181083524356111
940.2,32130,1.02,22.700156358677,8.0689116355698,64.4543786039363,-289.546295516421,0.184705194843233
940.2,32130,1.04,22.700156358677,7.78202448413642,65.7181899491111,-295.22488360684,0.188326865330355
940.2,32130,1.06,22.700156358677,7.64566702105984,66.318879481474,-297.923926334165,0.191948535817477
940.2,32130,1.08,22.700156358677,7.20979937188698,68.2389880581986,-306.551477994349,0.1955702063046
940.2,32130,1.1,22.700156358677,6.92136302983586,69.5096239846374,-312.260812544261,0.199191876791722
940.2,32230,0.9,22.700156358677,9.72991346287891,57.1372403381719,-256.668953819181,0.163482440613607
940.2,32230,0.92,22.700156358677,9.57427054812917,57.8228872222307,-259.749617848475,0.167115383738354
940.2,32230,0.94,22.700156358677,9.15345822306543,59.6766732420917,-268.078867919446,0.170748326863101
940.2,32230,0.96,22.700156358677,9.00219636813884,60.3430204360782,-271.07285052069,0.174381269987848
940.2,32230,0.98,22.700156358677,8.57700298325235,62.2161061460097,-279.488908177529,0.178014213112595
940.2,32230,1.0,22.700156358677,8.28877536334586,63.4858225979685,-285.193973777552,0.181647156237341
940.2,32230,1.02,22.700156358677,8.00054774343898,64.755539049929,-290.899068756787,0.185280099362088
940.2,32230,1.04,22.700156358677,7.71232012353256,66.0252555018874,-296.604192442272,0.188913042486835
940.2,32230,1.06,22.700156358677,7.57532553579061,66.6287517315052,-299.315847605645,0.192545985611582
940.2,32230,1.08,22.700156358677,7.13742131286683,68.5578319369655,-307.98371529573,0.196178928736329
940.2,32230,1.1,22.700156358677,6.84763726381258,69.8344048577661,-313.719729294058,0.199811871861076
940.2,32330,0.9,22.700156358677,9.66949870032645,57.4033828333947,-257.864371590402,0.163989709504315
940.2,32330,0.92,22.700156358677,9.51313080842634,58.092223427395,-260.959386383621,0.167633925271078
940.2,32330,0.94,22.700156358677,9.0903583599551,59.9546442926576,-269.327437012681,0.17127814103784
940.2,32330,0.96,22.700156358677,8.93839193464185,60.6240952995674,-272.335366673668,0.174922356804603
940.2,32330,0.98,22.700156358677,8.51121801958399,62.5059057519195,-280.790629501038,0.178566572571366
940.2,32330,1.0,22.700156358677,8.22164784939857,63.7815364815499,-286.522271538384,0.182210788338128
940.2,32330,1.02,22.700156358677,7.93207767921305,65.0571672111807,-292.253943160403,0.185855004104891
940.2,32330,1.04,22.700156358677,7.64250750902732,66.3327979408123,-297.985643687502,0.189499219871653
940.2,32330,1.06,22.700156358677,7.50487480713818,66.9391052266057,-300.709930891592,0.193143435638416
940.2,32330,1.08,22.700156358677,7.0649308475755,68.877170994133,-309.418177278192,0.196787651405178
940.2,32330,1.1,22.700156358677,6.77379699847066,70.1596901297051,-315.18091219503,0.200431867171941
940.2,32430,0.9,22.700156358677,9.6089904013724,57.6699373804119,-259.061640194076,0.164496978592619
940.2,32430,0.92,22.700156358677,9.45189640988505,58.3619766289754,-262.171027988677,0.168152467005788
940.2,32430,0.94,22.700156358677,9.02716080327028,60.2330457084288,-270.577939300115,0.171807955418958
940.2,32430,0.96,22.700156358677,8.87448871672831,60.9056053337003,-273.599837632897,0.175463443832127
940.2,32430,0.98,22.700156358677,8.44533120516773,62.7961540364476,-282.094366382264,0.179118932245296
940.2,32430,1.0,22.700156358677,8.15441640611676,64.0777082004557,-287.852626039209,0.182774420658465
940.2,32430,1.02,22.700156358677,7.8635016070652,65.3592623644664,-293.610915486648,0.186429909071635
940.2,32430,1.04,22.700156358677,7.57258680801408,66.6408165284751,-299.369234038356,0.190085397484804
940.2,32430,1.06,22.700156358677,7.43431500402518,67.249939222628,-302.106172857494,0.193740885897973
940.2,32430,1.08,22.700156358677,6.99232814982662,69.1970044640074,-310.854860510571,0.197396374311143
940.2,32430,1.1,22.700156358677,6.69984241086068,70.4854790205015,-316.644357752125,0.201051862724312
940.2,32530,0.9,22.700156358677,9.54838871020648,57.9369033440307,-260.260756784531,0.165004247878513
940.2,32530,0.92,22.700156358677,9.39056749842441,58.6321461841609,-263.384539783729,0.16867100894248
940.2,32530,0.94,22.700156358677,8.96386570360745,60.5118768259891,-271.830371809373,0.172337770006447
940.2,32530,0.96,22.700156358677,8.81048686667598,61.1875498676544,-274.866260392735,0.176004531070414
940.2,32530,0.98,22.700156358677,8.37934269700881,63.0868503079458,-283.400115722203,0.179671292134381
940.2,32530,1.0,22.700156358677,8.08708119370948,64.3743370489241,-289.185034117745,0.183338053198348
940.2,32530,1.02,22.700156358677,7.79481969041027,65.661823789902,-294.969982510008,0.187004814262315
940.2,32530,1.04,22.700156358677,7.50255818711094,66.9493105308804,-300.754960205956,0.190671575326282
940.2,32530,1.06,22.700156358677,7.36364629459255,67.5612529788684,-303.504570184371,0.194338336390249
940.2,32530,1.08,22.700156358677,6.91961339262991,69.5173315844367,-312.29376157772,0.198005097454216
940.2,32530,1.1,22.700156358677,6.62577367721272,70.8117707538166,-318.110062486407,0.201671858518183
940.2,32630,0.9,22.700156358677,9.48769377035021,58.2042800920021,-261.461718529046,0.165511517361993
940.2,32630,0.92,22.700156358677,9.3291442192902,58.9027314531065,-264.599918902208,0.169189551081148
940.2,32630,0.94,22.700156358677,8.90047321086921,60.7911369849791,-273.084731581915,0.172867584800304
940.2,32630,0.96,22.700156358677,8.74638653606141,61.4699282336963,-276.134631961609,0.176545618519459
940.2,32630,0.98,22.700156358677,8.31325265138806,63.3779938779568,-284.707874436283,0.180223652238614
940.2,32630,1.0,22.700156358677,8.01964237164721,64.6714223244469,-290.519492626379,0.18390168595777
940.2,32630,1.02,22.700156358677,7.72603209190683,65.9648507709349,-296.331141019738,0.187579719676925
940.2,32630,1.04,22.700156358677,7.4324218121662,67.258279217424,-302.142818916536,0.191257753396081
940.2,32630,1.06,22.700156358677,7.29286884620544,67.8730457580404,-304.90511956858,0.194935787115236
940.2,32630,1.08,22.700156358677,6.84678674819586,69.8381515967897,-313.734877080256,0.198613820834391
940.2,32630,1.1,22.700156358677,6.55159097294445,71.1385645568906,-319.578022935067,0.202291854553547
940.2,32730,0.9,22.700156358677,9.4269057246675,58.4720669949742,-262.6645226082,0.166018787043053
940.2,32730,0.92,22.700156358677,9.2676267170595,59.1737317989134,-265.817162490727,0.169708093421788
940.2,32730,0.94,22.700156358677,8.83698347426708,61.0708255280841,-274.341015672715,0.173397399800522
940.2,32730,0.96,22.700156358677,8.68218787576202,61.7527397671721,-277.404949361561,0.177086706179257
940.2,32730,0.98,22.700156358677,8.24706122386637,63.6695840611953,-286.017639453977,0.180776012557991
940.2,32730,1.0,22.700156358677,7.9521000986664,64.9689633277492,-291.855998432011,0.184465318936726
940.2,32730,1.02,22.700156358677,7.65713897346645,66.2683425943031,-297.694387820028,0.18815462531546
940.2,32730,1.04,22.700156358677,7.36217784826615,67.5677218608584,-303.532806911557,0.191843931694195
940.2,32730,1.06,22.700156358677,7.22198282545829,68.1853168262529,-306.307817721696,0.195533238072929
940.2,32730,1.08,22.700156358677,6.77384838794155,70.1594637459302,-315.178203634261,0.199222544451664
940.2,32730,1.1,22.700156358677,6.47729447266539,71.465859660524,-321.048235651279,0.202911850830398
940.2,32830,0.9,22.700156358677,9.36602471536524,58.740263426489,-263.869166215378,0.166526056921689
940.2,32830,0.92,22.700156358677,9.20601513564511,59.4451465876086,-267.036267708903,0.170226635964393
940.2,32830,0.94,22.700156358677,8.773396642329,61.3509418010003,-275.599221150414,0.173927215007097
940.2,32830,0.96,22.700156358677,8.61789103596409,62.035983806473,-278.677209628419,0.177627794049802
940.2,32830,0.98,22.700156358677,8.18076856929281,63.9616201755114,-287.329407719164,0.181328373092506
940.2,32830,1.0,22.700156358677,7.88445453277495,65.2669593627659,-293.194548415829,0.18502895213521
940.2,32830,1.02,22.700156358677,7.58814049625668,66.5722985500223,-299.059719729607,0.188729531177914
940.2,32830,1.04,22.700156358677,7.29182645973869,67.8776377372774,-304.924920947309,0.192430110220618
940.2,32830,1.06,22.700156358677,7.15098839818156,68.4980654529803,-307.712661370325,0.196130689263323
940.2,32830,1.08,22.700156358677,6.7007984824999,70.4812672801764,-316.623737871633,0.199831268306027
940.2,32830,1.1,22.700156358677,6.40288435018456,71.7936552990434,-322.52069720393,0.203531847348731
940.2,32930,0.9,22.700156358677,9.30505088399926,59.0088687629569,-265.075646556747,0.167033326997895
940.2,32930,0.92,22.700156358677,9.14430961830323,59.716975188112,-268.257231729534,0.17074517870896
940.2,32930,0.94,22.700156358677,8.70971286290265,61.6314851524209,-276.859345096923,0.174457030420024
940.2,32930,0.96,22.700156358677,8.55349616616684,62.3196596930165,-279.951409811583,0.178168882131088
940.2,32930,0.98,22.700156358677,8.11437484180579,64.254101541886,-288.643176189376,0.181880733842153
940.2,32930,1.0,22.700156358677,7.81670583125737,65.5654097366185,-294.535139473344,0.185592585553217
940.2,32930,1.02,22.700156358677,7.51903682070905,66.8767179313505,-300.427133581947,0.189304437264281
940.2,32930,1.04,22.700156358677,7.22136781016057,68.1880261260833,-306.319157795,0.193016288975346
940.2,32930,1.06,22.700156358677,7.07988572944703,68.8112909110391,-309.119647256188,0.19672814068641
940.2,32930,1.08,22.700156358677,6.62763720172082,70.8035614512961,-318.071476439483,0.200439992397474
940.2,32930,1.1,22.700156358677,6.32836077851542,72.1219507102803,-323.995404177715,0.204151844108539
940.2,33030,0.9,22.700156358677,9.24398437148234,59.2778823836212,-266.283960851479,0.167540597271667
940.2,33030,0.92,22.700156358677,9.08251030763561,59.9892169722264,-269.480051738184,0.171263721655482
940.2,33030,0.94,22.700156358677,8.6459322831625,61.9124549340047,-278.121384607599,0.174986846039297
940.2,33030,0.96,22.700156358677,8.48900341518713,62.6037667712264,-281.227546973863,0.178709970423112
940.2,33030,0.98,22.700156358677,8.04788019484257,64.5470274843886,-289.95894183626,0.182433094806927
940.2,33030,1.0,22.700156358677,7.74885415068271,65.8643137595801,-295.877768514318,0.186156219190741
940.2,33030,1.02,22.700156358677,7.449828106523,67.1816000347709,-301.796626224748,0.189879343574556
940.2,33030,1.04,22.700156358677,7.15080206236275,68.4988863099641,-307.715514240541,0.193602467958371
940.2,33030,1.06,22.700156358677,7.00867498357358,69.1249924765626,-310.528772135689,0.197325592342186
940.2,33030,1.08,22.700156358677,6.55436471468165,71.1263455144604,-319.521416000301,0.201048716726001
940.2,33030,1.1,22.700156358677,6.25372392988324,72.4507451355383,-325.472353172882,0.204771841109816
940.2,33130,0.9,22.700156358677,9.18282531808398,59.5473036705586,-267.494106331189,0.168047867743
940.2,33130,0.92,22.700156358677,9.02061734559654,60.2618713146068,-270.704724933374,0.171782264803955
940.2,33130,0.94,22.700156358677,8.58205504961288,62.1938505003626,-279.38533679095,0.175516661864911
940.2,33130,0.96,22.700156358677,8.4244129311663,62.8883043885021,-282.505618191504,0.179251058925866
940.2,33130,0.98,22.700156358677,7.98128478114216,64.8403973301648,-291.276701645148,0.182985455986822
940.2,33130,1.0,22.700156358677,7.68089964690675,66.1636707450662,-297.222432462473,0.186719853047778
940.2,33130,1.02,22.700156358677,7.38051451267134,67.4869441599675,-303.168194520219,0.190454250108733
940.2,33130,1.04,22.700156358677,7.08012937843576,68.8102175748696,-309.113987084537,0.194188647169689
940.2,33130,1.06,22.700156358677,6.93735632413402,69.4391694289707,-311.940032780229,0.197923044230644
940.2,33130,1.08,22.700156358677,6.48098118968988,71.4496187282315,-320.97355323174,0.2016574412916
940.2,33130,1.1,22.700156358677,6.1789739757296,72.7800378195733,-326.951540805117,0.205391838352555
940.2,33230,0.9,22.700156358677,9.12157386343907,59.8171320086419,-268.706080240073,0.168555138411888
940.2,33230,0.92,22.700156358677,8.95863087349625,60.5349375927454,-271.931248526167,0.172300808154374
940.2,33230,0.94,22.700156358677,8.51808130809513,62.4756712090261,-280.651198768635,0.176046477896861
940.2,33230,0.96,22.700156358677,8.35972486157303,63.1732718952062,-283.785620553926,0.179792147639347
940.2,33230,0.98,22.700156358677,7.91458875275119,65.1342104094103,-292.596452615035,0.183537817381833
940.2,33230,1.0,22.700156358677,7.61284247507937,66.4634800096018,-298.569128255501,0.18728348712432
940.2,33230,1.02,22.700156358677,7.31109619740729,67.7927496097943,-304.541835344721,0.191029156866806
940.2,33230,1.04,22.700156358677,7.00934991973529,69.1220192099866,-310.51457314202,0.194774826609292
940.2,33230,1.06,22.700156358677,6.86592991395787,69.7538210509576,-313.353425975574,0.198520496351779
940.2,33230,1.08,22.700156358677,6.407486794291,71.7733803545288,-322.42788482651,0.202266166094265
940.2,33230,1.1,22.700156358677,6.10411108671947,73.1098280105625,-328.432963705457,0.206011835836752
940.2,33330,0.9,22.700156358677,9.06023014655235,60.0873667855194,-269.919879834971,0.169062409278326
940.2,33330,0.92,22.700156358677,8.89655103200645,60.8084151869474,-273.159619740336,0.172819351706734
940.2,33330,0.94,22.700156358677,8.45401120379084,62.7579164204332,-281.918967675317,0.176576294135141
940.2,33330,0.96,22.700156358677,8.29493935321035,63.458668644634,-285.067551163787,0.180333236563548
940.2,33330,0.98,22.700156358677,7.84779226102989,65.4284660553445,-293.918191758577,0.184090178991955
940.2,33330,1.0,22.700156358677,7.54468278964935,66.7637408728005,-299.917852844992,0.187847121420363
940.2,33330,1.02,22.700156358677,7.24157331826896,68.0990156902558,-305.917545588836,0.19160406384877
940.2,33330,1.04,22.700156358677,6.93846384688833,69.4342905077121,-311.917269242435,0.195361006277177
940.2,33330,1.06,22.700156358677,6.79439591514075,70.0689466284507,-314.768948522256,0.199117948705584
940.2,33330,1.08,22.700156358677,6.33388169527262,72.0976296586101,-323.884407492282,0.202874891133992
940.2,33330,1.1,22.700156358677,6.02913543274641,73.4401149600813,-329.916618520222,0.206631833562399
940.4,31330,0.9,22.700156358677,10.2121155291277,55.0130167926168,-247.14428136272,0.158883204089388
940.4,31330,0.92,22.700156358677,10.0622590391731,55.6731729941286,-250.110602046693,0.162413941958041
940.4,31330,0.94,22.700156358677,9.65709149225883,57.4580397611778,-258.130698693303,0.165944679826694
940.4,31330,0.96,22.700156358677,9.51145318498455,58.0996137881277,-261.01355445573,0.169475417695347
940.4,31330,0.98,22.700156358677,9.10206745539017,59.9030627297377,-269.11723453488,0.173006155564
940.4,31330,1.0,22.700156358677,8.82455543695573,61.1255742140182,-274.610545210191,0.176536893432653
940.4,31330,1.02,22.700156358677,8.54704341852141,62.348085698298,-280.103883529629,0.180067631301306
940.4,31330,1.04,22.700156358677,8.26953140008691,63.5705971825787,-285.597248874581,0.18359836916996
940.4,31330,1.06,22.700156358677,8.13762993772508,64.1516568910569,-288.20825472482,0.187129107038613
940.4,31330,1.08,22.700156358677,7.71600592811736,66.0090185891254,-296.554393727795,0.190659844907266
940.4,31330,1.1,22.700156358677,7.43699534478343,67.2381316354207,-302.077501131748,0.194190582775919
940.4,31430,0.9,22.700156358677,10.1522746440184,55.2766312107901,-248.328423800637,0.159390363141516
940.4,31430,0.92,22.700156358677,10.0017000634426,55.939950785319,-251.308959720471,0.162932371211328
940.4,31430,0.94,22.700156358677,9.59459101225574,57.7333703757143,-259.367490491313,0.166474379281139
940.4,31430,0.96,22.700156358677,9.44825482728135,58.3780187325899,-262.26416159603,0.17001638735095
940.4,31430,0.98,22.700156358677,9.03690738049314,60.1901095406383,-270.406676585861,0.173558395420762
940.4,31430,1.0,22.700156358677,8.75806556461182,61.4184791231004,-275.926312704774,0.177100403490573
940.4,31430,1.02,22.700156358677,8.4792237487305,62.6468487055625,-281.445976670292,0.180642411560385
940.4,31430,1.04,22.700156358677,8.20038193284918,63.8752182880245,-286.96566785742,0.184184419630196
940.4,31430,1.06,22.700156358677,8.0678484177608,64.4590623505687,-289.58918644742,0.187726427700008
940.4,31430,1.08,22.700156358677,7.64420404689234,66.3253242572032,-297.975322797096,0.191268435769819
940.4,31430,1.1,22.700156358677,7.36385648520562,67.560327035409,-303.524898757857,0.194810443839631
940.4,31530,0.9,22.700156358677,10.0923384568226,55.5406654590513,-249.5144520765,0.15989752239068
940.4,31530,0.92,22.700156358677,9.9410446420003,56.2071534445603,-252.509225889959,0.163450800666028
940.4,31530,0.94,22.700156358677,9.53199099451789,58.0091394794541,-260.606252045848,0.167004078941377
940.4,31530,0.96,22.700156358677,9.38495582040933,58.6568670624069,-263.516760513462,0.170557357216725
940.4,31530,0.98,22.700156358677,8.97164353221336,60.4776134998559,-271.698172313949,0.174110635492074
940.4,31530,1.0,22.700156358677,8.69146980106085,61.7118505100579,-277.244175837323,0.177663913767422
940.4,31530,1.02,22.700156358677,8.41129606990895,62.9460875202572,-282.790207410286,0.181217192042771
940.4,31530,1.04,22.700156358677,8.13112233875624,64.1803245304601,-288.336266401237,0.184770470318119
940.4,31530,1.06,22.700156358677,7.99795576433961,64.7669573814084,-290.97231767548,0.188323748593467
940.4,31530,1.08,22.700156358677,7.57228781460009,66.6421336710061,-299.398515125005,0.191877026868816
940.4,31530,1.1,22.700156358677,7.29060114529935,67.8830355610632,-304.974601831616,0.195430305144164
940.4,31630,0.9,22.700156358677,10.0323071186524,55.8051188717138,-250.702363207589,0.160404681836875
940.4,31630,0.92,22.700156358677,9.88029292777197,56.474780298175,-253.71139753667,0.163969230322138
940.4,31630,0.94,22.700156358677,9.46929159687322,58.2853463771247,-261.846980241528,0.167533778807402
940.4,31630,0.96,22.700156358677,9.32155632395882,58.9361580745425,-264.771348057804,0.171098327292666
940.4,31630,0.98,22.700156358677,8.90627607509454,60.7655738825333,-272.991718471038,0.17466287577793
940.4,31630,1.0,22.700156358677,8.62476831420512,62.005687635238,-278.564131293502,0.178227424263194
940.4,31630,1.02,22.700156358677,8.34326055331563,63.245801387943,-284.136572368752,0.181791972748458
940.4,31630,1.04,22.700156358677,8.06175279242628,64.4859151406474,-289.709041058864,0.185356521233722
940.4,31630,1.06,22.700156358677,7.9279521536755,65.0753412073081,-292.357644930264,0.188921069718986
940.4,31630,1.08,22.700156358677,7.50025741255614,66.9594460317926,-300.823967131911,0.19248561820425
940.4,31630,1.1,22.700156358677,7.21722950975773,68.2062563987627,-306.42660670684,0.196050166689513
940.4,31730,0.9,22.700156358677,9.97218077990136,56.0699907862549,-251.892154225241,0.160911841480095
940.4,31730,0.92,22.700156358677,9.81944507295634,56.7428306756887,-254.915471656351,0.164487660179653
940.4,31730,0.94,22.700156358677,9.40649297640031,58.5619903767547,-263.089671977747,0.16806347887921
940.4,31730,0.96,22.700156358677,9.25805649676186,59.2158910693008,-266.02792109377,0.171639297578768
940.4,31730,0.98,22.700156358677,8.84080517289924,61.0539899672546,-274.287311824429,0.175215116278326
940.4,31730,1.0,22.700156358677,8.55796127114857,62.2999897625051,-279.886175774491,0.178790934977883
940.4,31730,1.02,22.700156358677,8.27511736939821,63.5459895577543,-285.485068180973,0.182366753677441
940.4,31730,1.04,22.700156358677,7.99227346764778,64.7919893530038,-291.083988399471,0.185942572376999
940.4,31730,1.06,22.700156358677,7.85783776114538,65.3842130556878,-293.745164749574,0.189518391076556
940.4,31730,1.08,22.700156358677,7.42811302121586,67.2772605446107,-302.251675255334,0.193094209776114
940.4,31730,1.1,22.700156358677,7.14374176239582,68.5299887387552,-307.880909754565,0.196670028475672
940.4,31830,0.9,22.700156358677,9.91195959025294,56.3352805432807,-253.083822175065,0.161419001320337
940.4,31830,0.92,22.700156358677,9.75850122903161,57.0113039098011,-256.12144525898,0.165006090238566
940.4,31830,0.94,22.700156358677,9.34359528943398,58.8390707896492,-264.334324168545,0.168593179156796
940.4,31830,0.96,22.700156358677,9.19445649689918,59.4960653502959,-267.286476500941,0.172180268075026
940.4,31830,0.98,22.700156358677,8.775230988615,61.3428610360179,-275.584949156799,0.175767356993255
940.4,31830,1.0,22.700156358677,8.49104883820582,62.5947561592008,-281.210305997301,0.179354445911485
940.4,31830,1.02,22.700156358677,8.2068666877964,63.8466512823848,-286.835691498177,0.182941534829715
940.4,31830,1.04,22.700156358677,7.92268453738691,65.0985464055691,-292.461105008507,0.186528623747944
940.4,31830,1.06,22.700156358677,7.78761276129734,65.6935721576183,-295.134873687663,0.190115712666174
940.4,31830,1.08,22.700156358677,7.35585482018028,67.5955764182719,-303.681635949576,0.193702801584404
940.4,31830,1.1,22.700156358677,7.0701380861585,68.8542317751217,-309.337507362945,0.197289890502634
940.4,31930,0.9,22.700156358677,9.85164369868277,56.6009874865155,-254.277364116405,0.161926161357594
940.4,31930,0.92,22.700156358677,9.69746154676283,57.2801993363537,-257.329315368751,0.165524520498874
940.4,31930,0.94,22.700156358677,9.28059869157175,59.1165869303614,-265.580933742586,0.169122879640153
940.4,31930,0.96,22.700156358677,9.13075648170603,59.7766802244256,-268.547011173671,0.172721238781433
940.4,31930,0.98,22.700156358677,8.7095536844608,61.632186374207,-276.884627265969,0.176319597922713
940.4,31930,1.0,22.700156358677,8.42403118090539,62.8899860961294,-282.536518694264,0.179917957063993
940.4,31930,1.02,22.700156358677,8.13850867734996,64.1477858180521,-288.188438987278,0.183516316205273
940.4,31930,1.04,22.700156358677,7.85298617379446,65.4055855399749,-293.84038748759,0.187114675346553
940.4,31930,1.06,22.700156358677,7.7172773278547,66.0034177478041,-296.526768314986,0.190713034487833
940.4,31930,1.08,22.700156358677,7.28348298820288,67.9143928653213,-305.113845685697,0.194311393629112
940.4,31930,1.1,22.700156358677,6.99641866312826,69.1789847057423,-310.796395937326,0.197909752770392
940.4,32030,0.9,22.700156358677,9.79123325346642,56.8671109627676,-255.472777122567,0.162433321591862
940.4,32030,0.92,22.700156358677,9.636326176204,57.5495162943203,-258.539079023756,0.16604295096057
940.4,32030,0.94,22.700156358677,9.21750333767923,59.3945381166686,-266.829497642977,0.169652580329278
940.4,32030,0.96,22.700156358677,9.06695660777687,60.0577350018513,-269.809522020898,0.173262209697986
940.4,32030,0.98,22.700156358677,8.64377342189218,61.921965270569,-278.186342964895,0.176871839066694
940.4,32030,1.0,22.700156358677,8.35690846399842,63.1856788475202,-283.864810613236,0.180481468435402
940.4,32030,1.02,22.700156358677,8.07004350610509,64.4493924244695,-289.543307331045,0.18409109780411
940.4,32030,1.04,22.700156358677,7.78317854821146,65.7131060014202,-295.221832454285,0.187700727172818
940.4,32030,1.06,22.700156358677,7.64683163372476,66.3137490645442,-297.920845218146,0.191310356541526
940.4,32030,1.08,22.700156358677,7.21099770319673,68.2337091020064,-306.548300951387,0.194919985910234
940.4,32030,1.1,22.700156358677,6.92258367453061,69.504246732272,-312.257571899835,0.198529615278942
940.4,32130,0.9,22.700156358677,9.7307284021849,57.1336503219045,-256.670058280607,0.162940482023136
940.4,32130,0.92,22.700156358677,9.57509526670724,57.8192541257663,-259.750733276063,0.16656138162365
940.4,32130,0.94,22.700156358677,9.15430938189639,59.6729236695446,-268.08001282721,0.170182281224164
940.4,32130,0.96,22.700156358677,9.0030570309727,60.3392289959653,-271.074005966084,0.173803180824678
940.4,32130,0.98,22.700156358677,8.57789036160804,62.212197017184,-279.490093081413,0.177424080425192
940.4,32130,1.0,22.700156358677,8.28968085146384,63.4818336910038,-285.195178517364,0.181044980025706
940.4,32130,1.02,22.700156358677,8.00147134131923,64.7514703648254,-290.90029322772,0.18466587962622
940.4,32130,1.04,22.700156358677,7.71326183117533,66.0211070386439,-296.605436542052,0.188286779226735
940.4,32130,1.06,22.700156358677,7.57627585100375,66.6245653497106,-299.317100999849,0.191907678827249
940.4,32130,1.08,22.700156358677,7.13839914224138,68.5535243482463,-307.984998250844,0.195528578427763
940.4,32130,1.1,22.700156358677,6.84863330074228,69.8300170601053,-313.721031689548,0.199149478028277
940.4,32230,0.9,22.700156358677,9.67012929172938,57.4006049168334,-257.869204691239,0.16344764265141
940.4,32230,0.92,22.700156358677,9.51376896692597,58.0894121758356,-260.964275191547,0.167079812488108
940.4,32230,0.94,22.700156358677,9.09101697764253,59.9517429131384,-269.332476266965,0.170711982324807
940.4,32230,0.96,22.700156358677,8.93905790642625,60.6211615233683,-272.340459947114,0.174344152161505
940.4,32230,0.98,22.700156358677,8.51190466355603,62.5028809094418,-280.795874458249,0.177976321998203
940.4,32230,1.0,22.700156358677,8.2223485065127,63.7784499075939,-286.527619184701,0.181608491834901
940.4,32230,1.02,22.700156358677,7.93279234946943,65.0540189057457,-292.259393391041,0.185240661671599
940.4,32230,1.04,22.700156358677,7.64323619242627,66.329587903897,-297.991196400046,0.188872831508297
940.4,32230,1.06,22.700156358677,7.50561015098344,66.9358658487193,-300.715532278545,0.192505001344995
940.4,32230,1.08,22.700156358677,7.06568748158766,68.8738378276111,-309.423934104551,0.196137171181693
940.4,32230,1.1,22.700156358677,6.77456772129636,70.1562948983529,-315.186771762034,0.199769341018391
940.4,32330,0.9,22.700156358677,9.60943606830536,57.6679741034814,-259.070213468561,0.163954803476681
940.4,32330,0.92,22.700156358677,9.45234742482085,58.3599897927234,-262.179701849672,0.167598243553941
940.4,32330,0.94,22.700156358677,9.0276262776219,60.2309951747485,-270.586884948073,0.1712416836312
940.4,32330,0.96,22.700156358677,8.87495938854692,60.9035319038473,-273.608880916132,0.17488512370846
940.4,32330,0.98,22.700156358677,8.44581648693903,62.7940162460129,-282.103683952858,0.178528563785719
940.4,32330,1.0,22.700156358677,8.15491159159748,64.0755267816456,-287.862129408619,0.182172003862979
940.4,32330,1.02,22.700156358677,7.86400669625583,65.3570373172788,-293.620604549998,0.185815443940239
940.4,32330,1.04,22.700156358677,7.57310180091411,66.6385478529123,-299.379108693125,0.189458884017498
940.4,32330,1.06,22.700156358677,7.43483470415866,67.2476498104968,-302.116135688632,0.193102324094758
940.4,32330,1.08,22.700156358677,6.99286289666579,69.1946487672856,-310.865105049188,0.196745764172017
940.4,32330,1.1,22.700156358677,6.70038711488967,70.4830794598096,-316.654788589457,0.200389204249277
940.4,32430,0.9,22.700156358677,9.54864887744108,57.9357572407594,-260.273081740262,0.164461964498943
940.4,32430,0.92,22.700156358677,9.39083078766611,58.6309863276491,-263.397010343656,0.168116674821141
940.4,32430,0.94,22.700156358677,8.9641374338303,60.5106797847945,-271.843235870417,0.17177138514334
940.4,32430,0.96,22.700156358677,8.8107616310271,61.1863394603481,-274.879265839411,0.175426095465539
940.4,32430,0.98,22.700156358677,8.37962599022007,63.0856023288271,-283.413518437272,0.179080805787737
940.4,32430,1.0,22.700156358677,8.0873702684148,64.3730636008441,-289.198705997222,0.182735516109936
940.4,32430,1.02,22.700156358677,7.79511454660956,65.6605248728609,-294.983923448859,0.186390226432135
940.4,32430,1.04,22.700156358677,7.50285882480428,66.947986144878,-300.769170101619,0.190044936754334
940.4,32430,1.06,22.700156358677,7.36394968023021,67.5599164874678,-303.518907879943,0.193699647076532
940.4,32430,1.08,22.700156358677,6.91992556209172,69.5159563980421,-312.308507637687,0.197354357398731
940.4,32430,1.1,22.700156358677,6.6260916593887,70.810369960928,-318.125078660356,0.20100906772093
940.4,32530,0.9,22.700156358677,9.48776786398979,58.2039536905518,-261.477806647247,0.16496912571819
940.4,32530,0.92,22.700156358677,9.32921920205311,58.9024011348403,-264.616197780008,0.168635106289705
940.4,32530,0.94,22.700156358677,8.90055059755906,60.7907960767993,-273.101526047735,0.172301086861221
940.4,32530,0.96,22.700156358677,8.74646478684768,61.4695835189505,-276.151611697353,0.175967067432736
940.4,32530,0.98,22.700156358677,8.31333333112866,63.3776384630455,-284.725374798054,0.179633048004251
940.4,32530,1.0,22.700156358677,8.01972469791345,64.6710596561686,-290.537345773442,0.183299028575767
940.4,32530,1.02,22.700156358677,7.72611606469806,65.9644808492925,-296.349346846918,0.186965009147282
940.4,32530,1.04,22.700156358677,7.43250743148279,67.2579020424159,-302.161377321231,0.190630989718797
940.4,32530,1.06,22.700156358677,7.29295524811552,67.8726651355076,-304.923845518057,0.194296970290313
940.4,32530,1.08,22.700156358677,6.84687565167145,69.8377599542204,-313.754138438712,0.197962950861828
940.4,32530,1.1,22.700156358677,6.55168153183691,71.1381656217863,-319.597638479595,0.201628931433343
940.4,32630,0.9,22.700156358677,9.42679317213621,58.4725628176879,-262.684385343664,0.165476287134418
940.4,32630,0.92,22.700156358677,9.26751281389767,59.1742335715004,-265.837261278803,0.169153537959627
940.4,32630,0.94,22.700156358677,8.83686591940099,61.0713433873633,-274.361752507543,0.172830788784837
940.4,32630,0.96,22.700156358677,8.68206900828347,61.7532634088452,-277.425915484308,0.176508039610046
940.4,32630,0.98,22.700156358677,8.24693866666579,63.6701239570385,-286.039249936126,0.180185290435255
940.4,32630,1.0,22.700156358677,7.95197504029806,64.9695142418767,-291.878045574883,0.183862541260465
940.4,32630,1.02,22.700156358677,7.65701141393049,66.2689045267142,-297.716871518494,0.187539792085674
940.4,32630,1.04,22.700156358677,7.36204778756305,67.5682948115511,-303.555727062898,0.191217042910883
940.4,32630,1.06,22.700156358677,7.22185157595064,68.185895013934,-306.330945283763,0.194894293736092
940.4,32630,1.08,22.700156358677,6.77371333841026,70.1600586736882,-315.201994037031,0.198571544561302
940.4,32630,1.1,22.700156358677,6.47715690846018,71.4664656660644,-321.072464568082,0.202248795386511
940.4,32730,0.9,22.700156358677,9.36572494540172,58.7415839899194,-263.892814996753,0.165983448747622
940.4,32730,0.92,22.700156358677,9.20571176844246,59.4464829977983,-267.06019797318,0.169671969830903
940.4,32730,0.94,22.700156358677,8.7730835492561,61.3523210561383,-275.623912291112,0.173360490914183
940.4,32730,0.96,22.700156358677,8.61757444690762,62.0373784623135,-278.702174208394,0.177049011997464
940.4,32730,0.98,22.700156358677,8.18044215311055,63.9630581223568,-287.355140766714,0.180737533080744
940.4,32730,1.0,22.700156358677,7.88412145503782,65.2684266554659,-293.220802253803,0.184426054164024
940.4,32730,1.02,22.700156358677,7.58780075696485,66.573795188576,-299.086494252756,0.188114575247305
940.4,32730,1.04,22.700156358677,7.29148005889206,67.8791637216854,-304.952216052778,0.191803096330585
940.4,32730,1.06,22.700156358677,7.15063883109819,68.4996053854717,-307.740203873242,0.195491617413866
940.4,32730,1.08,22.700156358677,6.70043879451625,70.4828517978245,-316.652071032941,0.199180138497146
940.4,32730,1.1,22.700156358677,6.40251796467379,71.795269321013,-322.549553462847,0.202868659580427
940.4,32830,0.9,22.700156358677,9.30456332664938,59.0110165778979,-265.103092786818,0.166490610557797
940.4,32830,0.92,22.700156358677,9.14381621026515,59.7191487768322,-268.285005009599,0.170190401903526
940.4,32830,0.94,22.700156358677,8.7092036363372,61.6337284258037,-276.888002453263,0.173890193249255
940.4,32830,0.96,22.700156358677,8.55298125359908,62.3219280146951,-279.980384891573,0.177589984594983
940.4,32830,0.98,22.700156358677,8.11384394602474,64.2564402737108,-288.6730442192,0.181289775940712
940.4,32830,1.0,22.700156358677,7.81616410086871,65.5677961976635,-294.565612676773,0.184989567286441
940.4,32830,1.02,22.700156358677,7.51848425571241,66.8791521216174,-300.458211853583,0.18868935863217
940.4,32830,1.04,22.700156358677,7.22080441055621,68.1905080455708,-306.350841032013,0.192389149977899
940.4,32830,1.06,22.700156358677,7.07931718015368,68.8137955162249,-309.151617997854,0.196088941323628
940.4,32830,1.08,22.700156358677,6.62705219140786,70.8061385714874,-318.104366042464,0.199788732669356
940.4,32830,1.1,22.700156358677,6.32776487508783,72.1245758174301,-324.028901716773,0.203488524015085
940.4,32930,0.9,22.700156358677,9.24330845808882,59.2808599551535,-266.31521590706,0.166997772564938
940.4,32930,0.92,22.700156358677,9.08182628328174,59.9922302746154,-269.511679547491,0.170708834177492
940.4,32930,0.94,22.700156358677,8.64522632917372,61.9155648420495,-278.154020062349,0.174419895790046
940.4,32930,0.96,22.700156358677,8.48828957854659,62.6069114043702,-281.260544569435,0.1781309574026
940.4,32930,0.98,22.700156358677,8.04714420025855,64.5502697289458,-289.992957236992,0.181842019015154
940.4,32930,1.0,22.700156358677,7.74810313580114,65.8676221723932,-295.912473724795,0.185553080627709
940.4,32930,1.02,22.700156358677,7.44906207134355,67.1849746158414,-301.832021139517,0.189264142240263
940.4,32930,1.04,22.700156358677,7.1500210068859,68.5023270592899,-307.751598756663,0.192975203852817
940.4,32930,1.06,22.700156358677,7.00788678894959,69.1284646756591,-310.565184383929,0.196686265465371
940.4,32930,1.08,22.700156358677,6.55355369971931,71.1299182429893,-319.558875697056,0.200397327077925
940.4,32930,1.1,22.700156358677,6.25289781351349,72.4543843896328,-325.51050589849,0.204108388690479
940.4,33030,0.9,22.700156358677,9.18196048128057,59.5511134980759,-267.52918156343,0.167504934769039
940.4,33030,0.92,22.700156358677,9.01974213075169,60.2657268600533,-270.740218759343,0.171227266652796
940.4,33030,0.94,22.700156358677,8.58115177561842,62.1978296535463,-279.421962200052,0.174949598536552
940.4,33030,0.96,22.700156358677,8.42349957125279,62.8923279727412,-282.542650290984,0.178671930420309
940.4,33030,0.98,22.700156358677,7.98034306995628,64.8445458090167,-291.314876777501,0.182394262304065
940.4,33030,1.0,22.700156358677,7.67993871712538,66.1679038867511,-297.261382293117,0.186116594187821
940.4,33030,1.02,22.700156358677,7.37953436429439,67.4912619644859,-303.207918943603,0.189838926071578
940.4,33030,1.04,22.700156358677,7.0791300114632,68.8146200422217,-309.154485997621,0.193561257955334
940.4,33030,1.06,22.700156358677,6.93634782256276,69.4436121365685,-311.980899772805,0.197283589839091
940.4,33030,1.08,22.700156358677,6.47994348930659,71.4541900640712,-321.01559664354,0.201005921722847
940.4,33030,1.1,22.700156358677,6.17791695297006,72.7846942754269,-326.994362592297,0.204728253606604
940.4,33130,0.9,22.700156358677,9.12051953714221,59.8217765858871,-268.744986974691,0.168012097170097
940.4,33130,0.92,22.700156358677,8.95756389528355,60.5396379049188,-271.970619830446,0.171745699329432
940.4,33130,0.94,22.700156358677,8.51698012285161,62.4805222119272,-280.691825961345,0.175479301488768
940.4,33130,0.96,22.700156358677,8.35861138054203,63.1781770641989,-283.826699118801,0.179212903648103
940.4,33130,0.98,22.700156358677,7.91344070856125,65.1392678379663,-292.638799811977,0.182946505807439
940.4,33130,1.0,22.700156358677,7.61167100141607,66.4686406509859,-298.612335291033,0.186680107966774
940.4,33130,1.02,22.700156358677,7.30990129427085,67.7980134640055,-304.585902113263,0.19041371012611
940.4,33130,1.04,22.700156358677,7.00813158712558,69.1273862770255,-310.559499540422,0.194147312285445
940.4,33130,1.06,22.700156358677,6.86470044531935,69.7592371750543,-313.398760920588,0.197880914444781
940.4,33130,1.08,22.700156358677,6.40622172925386,71.7789532898741,-322.474525544009,0.201614516604116
940.4,33130,1.1,22.700156358677,6.10282246569011,73.1155047160838,-328.480468398103,0.205348118763452
940.4,33230,0.9,22.700156358677,9.05898576595265,60.0928486006225,-269.962629372182,0.168519259768105
940.4,33230,0.92,22.700156358677,8.89529171883973,60.813962783831,-273.202879958902,0.172264132207396
940.4,33230,0.94,22.700156358677,8.45271151738694,62.7636418717621,-281.963608454444,0.176009004646688
940.4,33230,0.96,22.700156358677,8.29362515456342,63.4644580261086,-285.112688128676,0.179753877085979
940.4,33230,0.98,22.700156358677,7.84643726882177,65.4344351428993,-293.964723325375,0.18349874952527
940.4,33230,1.0,22.700156358677,7.54330014453869,66.7698317784701,-299.965329641945,0.187243621964561
940.4,33230,1.02,22.700156358677,7.24016302025596,68.1052284140393,-305.965967510315,0.190988494403853
940.4,33230,1.04,22.700156358677,6.93702589597327,69.4406250496084,-311.966636185235,0.194733366843144
940.4,33230,1.06,22.700156358677,6.79294482080161,70.0753390704948,-314.818764598204,0.198478239282435
940.4,33230,1.08,22.700156358677,6.33238858787878,72.1042071789155,-323.935659075704,0.202223111721726
940.4,33230,1.1,22.700156358677,6.02761452312501,73.4468149563164,-329.968819931106,0.205967984161018
940.4,33330,0.9,22.700156358677,8.99735930735662,60.3643289271114,-271.182105999773,0.169026422563059
940.4,33330,0.92,22.700156358677,8.83292574274039,61.0887008742385,-274.436996355479,0.172782565286683
940.4,33330,0.94,22.700156358677,8.38834610507541,63.0471879905399,-283.237306800578,0.176538708010307
940.4,33330,0.96,22.700156358677,8.2285410407971,63.7511702087823,-286.400614409735,0.18029485073393
940.4,33330,0.98,22.700156358677,7.7793329027944,65.7300470539676,-295.292644316251,0.184050993457554
940.4,33330,1.0,22.700156358677,7.47482630165431,67.0714765856796,-301.320362283182,0.187807136181177
940.4,33330,1.02,22.700156358677,7.1703197005137,68.4129061173938,-307.348112010652,0.191563278904801
940.4,33330,1.04,22.700156358677,6.86581309937308,69.7543356491081,-313.375892746615,0.195319421628424
940.4,33330,1.06,22.700156358677,6.72108111185105,70.3919171055315,-316.240907591049,0.199075564352048
940.4,33330,1.08,22.700156358677,6.25844423273844,72.4299509930636,-325.39899393089,0.202831707075671
940.4,33330,1.1,22.700156358677,5.95229329595165,73.7786242442492,-331.459413821889,0.206587849799295
940.6,31330,0.9,22.700156358677,10.154579278101,55.26647870767,-248.29948252089,0.158849393100819
940.6,31330,0.92,22.700156358677,10.0040323531341,55.9296764521618,-251.279668868422,0.162379379614171
940.6,31330,0.94,22.700156358677,9.59699807452001,57.7227666502323,-259.337254330992,0.165909366127522
940.6,31330,0.96,22.700156358677,9.4506887667001,58.3672966063618,-262.233585583854,0.169439352640874
940.6,31330,0.98,22.700156358677,9.03941687093862,60.1790545927964,-270.37514509632,0.172969339154225
940.6,31330,1.0,22.700156358677,8.76062626914824,61.4071985640771,-275.894133388989,0.176499325667577
940.6,31330,1.02,22.700156358677,8.48183566735762,62.6353425353588,-281.413149423876,0.180029312180929
940.6,31330,1.04,22.700156358677,8.20304506556697,63.8634865066407,-286.932192578377,0.18355929869428
940.6,31330,1.06,22.700156358677,8.07053589253603,64.4472233361903,-289.555403123381,0.187089285207632
940.6,31330,1.08,22.700156358677,7.64696933123542,66.3131424717592,-297.940554656843,0.190619271720983
940.6,31330,1.1,22.700156358677,7.36667326019496,67.5479184204866,-303.489478792028,0.194149258234335
940.6,31430,0.9,22.700156358677,10.0944626980858,55.5313076324814,-249.489160772984,0.159356444139081
940.6,31430,0.92,22.700156358677,9.94319437415855,56.1976833240718,-252.483628810528,0.162897698453282
940.6,31430,0.94,22.700156358677,9.53420964650348,57.9993657494827,-260.579828070425,0.166438952767484
940.6,31430,0.96,22.700156358677,9.38719924576854,58.6469841993827,-263.49003924968,0.169980207081686
940.6,31430,0.98,22.700156358677,8.97395659492166,60.4674238664818,-271.670615217576,0.173521461395888
940.6,31430,1.0,22.700156358677,8.69383006913095,61.7014529249805,-277.216052018756,0.17706271571009
940.6,31430,1.02,22.700156358677,8.41370354333998,62.9354819834803,-282.761516764903,0.180603970024291
940.6,31430,1.04,22.700156358677,8.13357701754898,64.1695110419802,-288.307008827055,0.184145224338493
940.6,31430,1.06,22.700156358677,8.00043287984045,64.7560450534856,-290.942790604888,0.187686478652695
940.6,31430,1.08,22.700156358677,7.5748366492065,66.6309054020631,-299.368126458958,0.191227732966897
940.6,31430,1.1,22.700156358677,7.2931974401761,67.8715982174796,-304.943642881553,0.194768987281099
940.6,31530,0.9,22.700156358677,10.0342503769978,55.7965583212283,-250.680733684849,0.159863495373774
940.6,31530,0.92,22.700156358677,9.88225950521751,56.4661170210835,-253.689506176162,0.163416017493191
940.6,31530,0.94,22.700156358677,9.47132122225654,58.276405357727,-261.824380780613,0.166968539612608
940.6,31530,0.96,22.700156358677,9.32360861205219,58.9271172201054,-264.748494009722,0.170521061732025
940.6,31530,0.98,22.700156358677,8.90839206751488,60.7562523942277,-272.968148622334,0.174073583851443
940.6,31530,1.0,22.700156358677,8.62692749014448,61.9961759124761,-278.54007608905,0.17762610597086
940.6,31530,1.02,22.700156358677,8.34546291277391,63.2360994307252,-284.112031703892,0.181178628090277
940.6,31530,1.04,22.700156358677,8.06399833540308,64.4760229489756,-289.68401483143,0.184731150209694
940.6,31530,1.06,22.700156358677,7.93021822177898,65.0653585971988,-292.332387879813,0.188283672329111
940.6,31530,1.08,22.700156358677,7.50258908937955,66.9491743984762,-300.797972105519,0.191836194448529
940.6,31530,1.1,22.700156358677,7.21960460329127,68.1957935037235,-306.400123201856,0.195388716567946
940.6,31630,0.9,22.700156358677,9.97394246664565,56.0622301051544,-251.87419825983,0.160370546804894
940.6,31630,0.92,22.700156358677,9.8212278999415,56.7349768664153,-254.897297932693,0.163934336733891
940.6,31630,0.94,22.700156358677,9.40833296033327,58.5538847764941,-263.070909331457,0.167498126662889
940.6,31630,0.96,22.700156358677,9.25991702587682,59.207694962254,-266.008946698989,0.171061916591887
940.6,31630,0.98,22.700156358677,8.84272345402076,61.0455394478343,-274.267742047318,0.174625706520884
940.6,31630,1.0,22.700156358677,8.55991870086465,62.2913667835038,-279.866202269909,0.178189496449882
940.6,31630,1.02,22.700156358677,8.27711394770841,63.5371941191738,-285.464690844202,0.18175328637888
940.6,31630,1.04,22.700156358677,7.994309194552,64.7830214548446,-291.063207128194,0.185317076307877
940.6,31630,1.06,22.700156358677,7.85989209537673,65.3751631874891,-293.724191453107,0.188880866236875
940.6,31630,1.08,22.700156358677,7.4302268339066,67.267948658572,-302.230088000287,0.192444656165873
940.6,31630,1.1,22.700156358677,7.1458949350831,68.5205034618556,-307.858916089553,0.19600844609487
940.6,31730,0.9,22.700156358677,9.91353911811718,56.3283223186796,-253.069551515527,0.160877598432436
940.6,31730,0.92,22.700156358677,9.76009971123021,57.0042621865049,-256.107001061763,0.164452656175379
940.6,31730,0.94,22.700156358677,9.34524501853647,58.8318033106221,-264.319410607848,0.168027713918322
940.6,31730,0.96,22.700156358677,9.19612464680668,59.488716722907,-267.271394167544,0.171602771661265
940.6,31730,0.98,22.700156358677,8.77695091895601,61.3352843025635,-275.569392244647,0.175177829404208
940.6,31730,1.0,22.700156358677,8.4928038691657,62.5870247985346,-281.194427247159,0.178752887147151
940.6,31730,1.02,22.700156358677,8.20865681937573,63.8387652945042,-286.819490805278,0.182327944890094
940.6,31730,1.04,22.700156358677,7.92450976958552,65.0905057904748,-292.444582270518,0.185903002633037
940.6,31730,1.06,22.700156358677,7.7894546768201,65.6854580482102,-295.118197846412,0.18947806037598
940.6,31730,1.08,22.700156358677,7.35775006407378,67.5872273837386,-303.664470563999,0.193053118118923
940.6,31730,1.1,22.700156358677,7.07206862021469,68.8457272783875,-309.320017898702,0.196628175861866
940.6,31830,0.9,22.700156358677,9.85304048178404,56.594834299378,-254.266790483488,0.161384650256395
940.6,31830,0.92,22.700156358677,9.69887509126119,57.2739723109711,-257.31861255945,0.164970975817648
940.6,31830,0.94,22.700156358677,9.28205755392189,59.1101602682403,-265.569881509481,0.168557301378901
940.6,31830,0.96,22.700156358677,9.13223163365123,59.7701818024681,-268.535833280377,0.172143626940154
940.6,31830,0.98,22.700156358677,8.71107462606038,61.6254862370998,-276.873095982012,0.175729952501408
940.6,31830,1.0,22.700156358677,8.42558316212928,62.883149221531,-282.524747722439,0.179316278062661
940.6,31830,1.02,22.700156358677,8.1400916981984,64.1408122059613,-288.176428222728,0.182902603623914
940.6,31830,1.04,22.700156358677,7.85460023426734,65.3984751903924,-293.828136827841,0.186488929185167
940.6,31830,1.06,22.700156358677,7.71890614146104,65.9962424068919,-296.514403597841,0.19007525474642
940.6,31830,1.08,22.700156358677,7.28515896031066,67.9070097791377,-305.101116234436,0.193661580307674
940.6,31830,1.1,22.700156358677,6.99812584247437,69.1714641436847,-310.783425000657,0.197247905868927
940.6,31930,0.9,22.700156358677,9.79244670730961,56.8617653879441,-255.465912209467,0.161891702276766
940.6,31930,0.92,22.700156358677,9.6375541914931,57.5441065725999,-258.532129435964,0.165489295660694
940.6,31930,0.94,22.700156358677,9.21877072280424,59.3889549607423,-266.822318950644,0.169086889044622
940.6,31930,0.96,22.700156358677,9.06823814447004,60.0520895046445,-269.802260917268,0.17268448242855
940.6,31930,0.98,22.700156358677,8.64509473829895,61.9161445335401,-278.178850042164,0.176282075812478
940.6,31930,1.0,22.700156358677,8.35825674604644,63.1797393199384,-283.857160412802,0.179879669196406
940.6,31930,1.02,22.700156358677,8.07141875379377,64.4433341063375,-289.535499747876,0.183477262580334
940.6,31930,1.04,22.700156358677,7.78458076154126,65.7069288927358,-295.213867385873,0.187074855964263
940.6,31930,1.06,22.700156358677,7.64824666382363,66.307515494711,-297.912805261768,0.190672449348191
940.6,31930,1.08,22.700156358677,7.21245370219422,68.2272950536867,-306.54002146608,0.194270042732119
940.6,31930,1.1,22.700156358677,6.92406678478338,69.4977132519323,-312.249133783863,0.197867636116047
940.6,32030,0.9,22.700156358677,9.7317579436528,57.1291149281759,-256.666913753033,0.162398754493543
940.6,32030,0.92,22.700156358677,9.57613716267237,57.8146643073146,-259.74754871553,0.166007615704511
940.6,32030,0.94,22.700156358677,9.15538468076278,59.6681867027617,-268.076719860085,0.169616476915479
940.6,32030,0.96,22.700156358677,9.00414433658038,60.3344391364133,-271.070673972748,0.173225338126446
940.6,32030,0.98,22.700156358677,8.57901141787285,62.2072584773471,-279.486651223177,0.176834199337414
940.6,32030,1.0,22.700156358677,8.29082478642768,63.4767943646407,-285.191662050843,0.180443060548382
940.6,32030,1.02,22.700156358677,8.00263815498282,64.746330251933,-290.896702047963,0.184051921759349
940.6,32030,1.04,22.700156358677,7.7144515235377,66.0158661392264,-296.601770546321,0.187660782970317
940.6,32030,1.06,22.700156358677,7.5774764176119,66.6192765464567,-299.31339940884,0.191269644181285
940.6,32030,1.08,22.700156358677,7.13963446845754,68.5480824200206,-307.981182730208,0.194878505392252
940.6,32030,1.1,22.700156358677,6.84989162920297,69.8244738011039,-313.717140653735,0.19848736660322
940.6,32130,0.9,22.700156358677,9.6709743390743,57.3968822669469,-257.869792187591,0.162905806906723
940.6,32130,0.92,22.700156358677,9.51462415483891,58.0856448541509,-260.964867436458,0.166525935949095
940.6,32130,0.94,22.700156358677,9.09189958264748,59.9478548121447,-269.333081181036,0.170146064991466
940.6,32130,0.96,22.700156358677,8.93995036656124,60.6172300080039,-272.341069355848,0.173766194033838
940.6,32130,0.98,22.700156358677,8.51282482622068,62.4988273573424,-280.796496338017,0.17738632307621
940.6,32130,1.0,22.700156358677,8.22328744800738,63.7743136299408,-286.528249384525,0.181006452118581
940.6,32130,1.02,22.700156358677,7.93375006979413,65.049799902539,-292.260031805761,0.184626581160953
940.6,32130,1.04,22.700156358677,7.6442126915807,66.325286175138,-297.991842926913,0.188246710203325
940.6,32130,1.06,22.700156358677,7.50659557571577,66.9315248005047,-300.716182625826,0.191866839245696
940.6,32130,1.08,22.700156358677,7.06670143699591,68.8693710944651,-309.424596514591,0.195486968288068
940.6,32130,1.1,22.700156358677,6.77560055694038,70.1517449929351,-315.187442032583,0.199107097330439
940.6,32230,0.9,22.700156358677,9.61009604114218,57.6650667541822,-259.074544600259,0.1634128595163
940.6,32230,0.92,22.700156358677,9.45301531733183,58.357047555232,-262.18408265086,0.16704425639444
940.6,32230,0.94,22.700156358677,9.02831558258513,60.2279586099234,-270.591399871047,0.17067565327258
940.6,32230,0.96,22.700156358677,8.87565639025962,60.9004614328705,-273.613443990082,0.17430705015072
940.6,32230,0.98,22.700156358677,8.44653512402789,62.7908504656654,-282.108382214666,0.17793844702886
940.6,32230,1.0,22.700156358677,8.15564489474954,64.0722963935352,-287.866919176942,0.181569843907
940.6,32230,1.02,22.700156358677,7.86475466547103,65.3537423214058,-293.625485719559,0.18520124078514
940.6,32230,1.04,22.700156358677,7.57386443619241,66.6351882492768,-299.384081161134,0.18883263766328
940.6,32230,1.06,22.700156358677,7.43560431021645,67.2442594987931,-302.12115151544,0.19246403454142
940.6,32230,1.08,22.700156358677,6.99365478487345,69.1911602970075,-310.870259323491,0.19609543141956
940.6,32230,1.1,22.700156358677,6.70119374835687,70.4795260328884,-316.660034359469,0.1997268282977
940.6,32330,0.9,22.700156358677,9.54912319673691,57.9336677428355,-260.281168091743,0.163919912322269
940.6,32330,0.92,22.700156358677,9.3913107987934,58.6288717557506,-263.405191424574,0.167562577040541
940.6,32330,0.94,22.700156358677,8.964632833984,60.508497420295,-271.851672901876,0.171205241758814
940.6,32330,0.96,22.700156358677,8.81126256279754,61.1841327276608,-274.887794813372,0.174847906477087
940.6,32330,0.98,22.700156358677,8.3801424712311,63.0833270977544,-283.422305695905,0.178490571195359
940.6,32330,1.0,22.700156358677,8.0878972898547,64.3707419364838,-289.207668206333,0.182133235913632
940.6,32330,1.02,22.700156358677,7.79565210847818,65.6581567752139,-294.993060503154,0.185775900631904
940.6,32330,1.04,22.700156358677,7.5034069271016,66.9455716139441,-300.778481898197,0.189418565350177
940.6,32330,1.06,22.700156358677,7.36450279239348,67.5574798867919,-303.528302696182,0.19306123006845
940.6,32330,1.08,22.700156358677,6.92049468832817,69.5134492512742,-312.318167677374,0.196703894786722
940.6,32330,1.1,22.700156358677,6.62667138297225,70.8078161301332,-318.13491408997,0.200346559504995
940.6,32430,0.9,22.700156358677,9.48805595205599,58.2026845888696,-261.489659776147,0.164426965324624
940.6,32430,0.92,22.700156358677,9.32951074717671,58.9011168039353,-264.628190837197,0.168080897887394
940.6,32430,0.94,22.700156358677,8.90085148953946,60.7894705705973,-273.113897259251,0.171734830450163
940.6,32430,0.96,22.700156358677,8.74676903857534,61.4682432122017,-276.164118777812,0.175388763012933
940.6,32430,0.98,22.700156358677,8.31364702702315,63.3762565523241,-284.738263639031,0.179042695575702
940.6,32430,1.0,22.700156358677,8.02004479576486,64.6696495431881,-290.550493265896,0.182696628138471
940.6,32430,1.02,22.700156358677,7.72644256450672,65.9630425340514,-296.362752885469,0.186350560701241
940.6,32430,1.04,22.700156358677,7.43284033324842,67.2564355249154,-302.175041802884,0.19000449326401
940.6,32430,1.06,22.700156358677,7.29329119273132,67.8711852134732,-304.937632802318,0.19365842582678
940.6,32430,1.08,22.700156358677,6.84722132278069,69.8362371844924,-313.768318112927,0.197312358389549
940.6,32430,1.1,22.700156358677,6.55203363947341,71.1366144975079,-319.612077696284,0.200966290952318
940.6,32530,0.9,22.700156358677,9.42689445262154,58.4721166512222,-262.700016781125,0.164934018523362
940.6,32530,0.92,22.700156358677,9.26761530974859,59.1737820510382,-265.853077981679,0.168599218934992
940.6,32530,0.94,22.700156358677,8.83697170124113,61.0708773912773,-274.378069943022,0.172264419346622
940.6,32530,0.96,22.700156358677,8.68217597127874,61.7527922094685,-277.442412849614,0.175929619758253
940.6,32530,0.98,22.700156358677,8.24704894986071,63.6696381313324,-286.056252916077,0.179594820169883
940.6,32530,1.0,22.700156358677,7.95208757417058,64.9690185013596,-291.895391163714,0.183260020581513
940.6,32530,1.02,22.700156358677,7.65712619848041,66.268398871387,-297.734559610701,0.186925220993143
940.6,32530,1.04,22.700156358677,7.36216482279044,67.5677792414135,-303.573757555428,0.190590421404774
940.6,32530,1.06,22.700156358677,7.22196968092494,68.1853747312873,-306.349138483749,0.194255621816404
940.6,32530,1.08,22.700156358677,6.77383486283898,70.1595233274694,-315.220707182927,0.197920822228034
940.6,32530,1.1,22.700156358677,6.47728069571995,71.4659203514955,-321.091521666821,0.201586022639664
940.6,32630,0.9,22.700156358677,9.36563884328199,58.741963291799,-263.912236247402,0.165441071918476
940.6,32630,0.92,22.700156358677,9.20562463309695,59.4468668513019,-267.079849964567,0.169117540183331
940.6,32630,0.94,22.700156358677,8.77299362037497,61.3527172158815,-275.644187966723,0.172794008448186
940.6,32630,0.96,22.700156358677,8.61748351388469,62.0377790455584,-278.722674009104,0.176470476713042
940.6,32630,0.98,22.700156358677,8.18034839746888,63.9634711399598,-287.376270413475,0.180146944977897
940.6,32630,1.0,22.700156358677,7.88402578601548,65.2688481020006,-293.242358722595,0.183823413242752
940.6,32630,1.02,22.700156358677,7.58770317456236,66.5742250640401,-299.108477438033,0.187499881507607
940.6,32630,1.04,22.700156358677,7.29138056310907,67.8796020260804,-304.974625851403,0.191176349772462
940.6,32630,1.06,22.700156358677,7.15053842588536,68.500047696138,-307.762816405733,0.194852818037317
940.6,32630,1.08,22.700156358677,6.70033548230463,70.4833069145646,-316.675331455982,0.198529286302172
940.6,32630,1.1,22.700156358677,6.40241272874936,71.7957329122005,-322.573242506256,0.202205754567027
940.6,32730,0.9,22.700156358677,9.30428926822045,59.0122238754363,-265.126315329017,0.165948125509963
940.6,32730,0.92,22.700156358677,9.14353886313473,59.7203705619425,-268.30850390566,0.169635861632407
940.6,32730,0.94,22.700156358677,8.70891739753328,61.6349893810121,-276.912248357878,0.17332359775485
940.6,32730,0.96,22.700156358677,8.55269181866526,62.323203049674,-280.004899250396,0.177011333877294
940.6,32730,0.98,22.700156358677,8.11354552684647,64.2577548865864,-288.698313031987,0.180699069999738
940.6,32730,1.0,22.700156358677,7.8158595915029,65.5691376393743,-294.591392780016,0.184386806122181
940.6,32730,1.02,22.700156358677,7.51817365615962,66.8805203921609,-300.484503141635,0.188074542244625
940.6,32730,1.04,22.700156358677,7.22048772081611,68.1919031449485,-306.377643401638,0.191762278367068
940.6,32730,1.06,22.700156358677,7.07899759574706,68.8152033673497,-309.17866324901,0.195450014489512
940.6,32730,1.08,22.700156358677,6.62672335417962,70.8075871836601,-318.132187516539,0.199137750611956
940.6,32730,1.1,22.700156358677,6.32742991478526,72.1260514033127,-324.057236735346,0.202825486734399
940.6,32830,0.9,22.700156358677,9.24284587095836,59.2828977698855,-266.342251193056,0.166455179297817
940.6,32830,0.92,22.700156358677,9.08135814510552,59.994292543125,-269.539036938023,0.170154183282212
940.6,32830,0.94,22.700156358677,8.64474318261542,61.9176932263243,-278.182248157486,0.173853187266608
940.6,32830,0.96,22.700156358677,8.48780103719427,62.6090635540937,-281.289085581489,0.177552191251004
940.6,32830,0.98,22.700156358677,8.0466404942722,64.5524886827644,-290.022377686612,0.1812511952354
940.6,32830,1.0,22.700156358677,7.74758915010083,65.8698864109834,-295.942490187908,0.184950199219796
940.6,32830,1.02,22.700156358677,7.4485378059294,67.1872841392027,-301.862633510362,0.188649203204192
940.6,32830,1.04,22.700156358677,7.14948646175764,68.5046818674234,-307.782806931938,0.192348207188588
940.6,32830,1.06,22.700156358677,7.00734735787305,69.1308410076456,-310.596675709532,0.196047211172984
940.6,32830,1.08,22.700156358677,6.55299865067335,71.1323633761293,-319.591271964791,0.19974621515738
940.6,32830,1.1,22.700156358677,6.25233242924335,72.4568750520812,-325.543500890883,0.203445219141776
940.6,32930,0.9,22.700156358677,9.18130879436075,59.5539843457895,-267.560041019583,0.166962233282032
940.6,32930,0.92,22.700156358677,9.0190826235892,60.268632157938,-270.771446207892,0.170672505132744
940.6,32930,0.94,22.700156358677,8.58047112483542,62.200828094492,-279.45418442011,0.174382776983456
940.6,32930,0.96,22.700156358677,8.42281132035227,62.8953598941502,-282.575230024055,0.178093048834168
940.6,32930,0.98,22.700156358677,7.97963345531054,64.8476718431925,-291.348461306525,0.181803320684879
940.6,32930,1.0,22.700156358677,7.67921462054799,66.1710937175432,-297.295647812686,0.185513592535591
940.6,32930,1.02,22.700156358677,7.37879578578537,67.4945155918943,-303.24286534789,0.189223864386303
940.6,32930,1.04,22.700156358677,7.07837695102284,68.8179374662449,-309.190113183289,0.192934136237015
940.6,32930,1.06,22.700156358677,6.93558787886008,69.4469598831244,-312.016850498268,0.196644408087727
940.6,32930,1.08,22.700156358677,6.47916154320528,71.4576347368257,-321.052581416397,0.200354679938439
940.6,32930,1.1,22.700156358677,6.17712044673502,72.7882030892979,-327.03203152539,0.20406495178915
940.6,33030,0.9,22.700156358677,9.11967818064119,59.8254829766613,-268.779682001549,0.167469287462605
940.6,33030,0.92,22.700156358677,8.95671244250469,60.5433887723815,-272.005728874389,0.171190827183996
940.6,33030,0.94,22.700156358677,8.51610137272828,62.4843933311805,-280.728054213862,0.174912366905387
940.6,33030,0.96,22.700156358677,8.3577228183323,63.1820914082047,-283.863329613427,0.178633906626778
940.6,33030,0.98,22.700156358677,7.91252456481583,65.1433036856977,-292.676560834812,0.182355446348169
940.6,33030,1.0,22.700156358677,7.61073616085945,66.472758862957,-298.650862534998,0.186076986069561
940.6,33030,1.02,22.700156358677,7.308947756903,67.8022140402165,-304.625195472446,0.189798525790952
940.6,33030,1.04,22.700156358677,7.00715935294648,69.1316692174764,-310.599558911331,0.193520065512343
940.6,33030,1.06,22.700156358677,6.86371932454604,69.7635592632276,-313.43918434135,0.197241605233734
940.6,33030,1.08,22.700156358677,6.40521220241521,71.7834005140372,-322.516112502504,0.200963144955126
940.6,33030,1.1,22.700156358677,6.10179414107766,73.1200347492528,-328.522825207223,0.204684684676517
940.6,33130,0.9,22.700156358677,9.057954171366,60.0973930388649,-270.001171344588,0.167976341839529
940.6,33130,0.92,22.700156358677,8.89424774511838,60.8185617553308,-273.241882109709,0.171709149435963
940.6,33130,0.94,22.700156358677,8.45163407415213,62.7683882850369,-282.003854620103,0.175441957032397
940.6,33130,0.96,22.700156358677,8.29253568064341,63.4692574376315,-285.15338139827,0.179174764628831
940.6,33130,0.98,22.700156358677,7.84531397693844,65.4393835312081,-294.006673228535,0.182907572225265
940.6,33130,1.0,22.700156358677,7.54215392833148,66.7748811542942,-300.008131249738,0.186640379821699
940.6,33130,1.02,22.700156358677,7.23899387972446,68.1103787773805,-306.009620716701,0.190373187418133
940.6,33130,1.04,22.700156358677,6.93583383111753,69.4458764004665,-312.011140886688,0.194105995014567
940.6,33130,1.06,22.700156358677,6.79174186001465,70.0806384207193,-314.863673979689,0.197838802611001
940.6,33130,1.08,22.700156358677,6.33115079816616,72.1096599594737,-323.981861869549,0.201571610207435
940.6,33130,1.1,22.700156358677,6.02635368529685,73.4523692697239,-330.015878520294,0.205304417803869
940.6,33230,0.9,22.700156358677,8.99613690746101,60.369713911586,-271.224506267137,0.168483396412801
940.6,33230,0.92,22.700156358677,8.83168867404612,61.0941504785263,-274.479903098762,0.172227471888641
940.6,33230,0.94,22.700156358677,8.38706937629557,63.0528123076577,-283.281582733439,0.175971547364481
940.6,33230,0.96,22.700156358677,8.22725005611782,63.7568573267866,-286.445382440786,0.179715622840321
940.6,33230,0.98,22.700156358677,7.77800184513055,65.7359107037276,-295.338795458558,0.183459698316161
940.6,33230,1.0,22.700156358677,7.47346807954785,67.0774599017634,-301.367450865883,0.187203773792001
940.6,33230,1.02,22.700156358677,7.16893431396545,68.4190090997978,-307.396137927738,0.190947849267841
940.6,33230,1.04,22.700156358677,6.86440054838276,69.7605582978336,-313.424855894459,0.194691924743681
940.6,33230,1.06,22.700156358677,6.71965564960138,70.3981966316596,-316.290316169035,0.198436000219521
940.6,33230,1.08,22.700156358677,6.25697749955175,72.4364123282346,-325.449826179252,0.202180075695361
940.6,33230,1.1,22.700156358677,5.95079925163502,73.7852058919393,-331.511188064008,0.205924151171201
940.6,33330,0.9,22.700156358677,8.93422652921383,60.6424449768216,-272.449684000104,0.168990451182414
940.6,33330,0.92,22.700156358677,8.76903537126045,61.3701543165427,-275.719789039348,0.172745794542023
940.6,33330,0.94,22.700156358677,8.32240742568234,63.3376647535683,-284.561235661685,0.176501137901633
940.6,33330,0.96,22.700156358677,8.16186609291547,64.0448904229876,-287.739329816413,0.180256481261242
940.6,33330,0.98,22.700156358677,7.71058832215072,66.0328845303156,-296.672924509454,0.184011824620851
940.6,33330,1.0,22.700156358677,7.40467877038459,67.3804944186907,-302.728818306352,0.18776716798046
940.6,33330,1.02,22.700156358677,7.09876921861897,68.7281043070635,-308.784743966878,0.19152251134007
940.6,33330,1.04,22.700156358677,6.79285966685302,70.0757141954377,-314.840700734321,0.195277854699679
940.6,33330,1.06,22.700156358677,6.6474608568988,70.7162331753814,-317.7191076798,0.199033198059288
940.6,33330,1.08,22.700156358677,6.18269247490073,72.7636568787887,-326.920002108296,0.202788541418897
940.6,33330,1.1,22.700156358677,5.87513101155542,74.1185438605594,-333.008750453161,0.206543884778506
940.8,31330,0.9,22.700156358677,10.096803424441,55.5209961336606,-249.459579443928,0.158815596514934
940.8,31330,0.92,22.700156358677,9.94556318923023,56.1872480872644,-252.453690214768,0.162344831993043
940.8,31330,0.94,22.700156358677,9.53665440514167,57.9885959618232,-260.548923362308,0.165874067471153
940.8,31330,0.96,22.700156358677,9.38967130247736,58.6360941567338,-263.458787211379,0.169403302949263
940.8,31330,0.98,22.700156358677,8.97650538584228,60.456195789986,-271.638386679929,0.172932538427372
940.8,31330,1.0,22.700156358677,8.69643087619267,61.689995704067,-277.183161404037,0.176461773905482
940.8,31330,1.02,22.700156358677,8.4163563665431,62.9237956181478,-282.727963968361,0.179991009383592
940.8,31330,1.04,22.700156358677,8.13628185689321,64.1575955322301,-288.272793746276,0.183520244861701
940.8,31330,1.06,22.700156358677,8.0031624424566,64.7440206313934,-290.908260705218,0.187049480339811
940.8,31330,1.08,22.700156358677,7.5776452399459,66.6185328408569,-299.332590089643,0.190578715817921
940.8,31330,1.1,22.700156358677,7.29605832794412,67.8589952744742,-304.907440357181,0.19410795129603
940.8,31430,0.9,22.700156358677,10.0364100014642,55.7870446225898,-250.654816973345,0.159322539585427
940.8,31430,0.92,22.700156358677,9.88444504517806,56.4564891580591,-253.663276170068,0.162863040465103
940.8,31430,0.94,22.700156358677,9.47357683003266,58.2664688280376,-261.797303549377,0.166403541344779
940.8,31430,0.96,22.700156358677,9.32588940584898,58.9170697395474,-264.721112182576,0.169944042224455
940.8,31430,0.98,22.700156358677,8.91074365860132,60.7458930334846,-272.939910420554,0.173484543104131
940.8,31430,1.0,22.700156358677,8.62932707288518,61.9856051362101,-278.511257239469,0.177025043983808
940.8,31430,1.02,22.700156358677,8.3479104871691,63.2253172389354,-284.082632101647,0.180565544863484
940.8,31430,1.04,22.700156358677,8.06649390145347,64.4650293416587,-289.654034374109,0.18410604574316
940.8,31430,1.06,22.700156358677,7.9327365982628,65.0542645040832,-292.302131306832,0.187646546622836
940.8,31430,1.08,22.700156358677,7.50518037958455,66.9377591017529,-300.766832777948,0.191187047502512
940.8,31430,1.1,22.700156358677,7.22224414430603,68.184165649831,-306.368399587754,0.194727548382188
940.8,31530,0.9,22.700156358677,9.97592039660175,56.0535168173478,-251.851958021924,0.159829482851749
940.8,31530,0.92,22.700156358677,9.82322956505685,56.7261590191559,-254.87478851452,0.163381249137343
940.8,31530,0.94,22.700156358677,9.41039879828729,58.5447842314521,-263.047671960345,0.166933015422938
940.8,31530,0.96,22.700156358677,9.26200593088967,59.1984928009127,-265.98544760451,0.170484781708532
940.8,31530,0.98,22.700156358677,8.84487719997282,61.0360516455565,-274.243507091737,0.174036547994126
940.8,31530,1.0,22.700156358677,8.56211640081558,62.2816853526088,-279.841468359499,0.177588314279721
940.8,31530,1.02,22.700156358677,8.27935560165855,63.5273190596601,-285.43945787397,0.181140080565315
940.8,31530,1.04,22.700156358677,7.99659480250126,64.7729527667125,-291.037474995633,0.18469184685091
940.8,31530,1.06,22.700156358677,7.86219859466195,65.3650024676739,-293.698222033395,0.188243613136504
940.8,31530,1.08,22.700156358677,7.43260011250195,67.2574937588001,-302.203359941478,0.191795379422098
940.8,31530,1.1,22.700156358677,7.14831240502946,68.5098538878695,-307.831685877843,0.195347145707693
940.8,31630,0.9,22.700156358677,9.91533476236086,56.3204120461013,-253.050999578844,0.160336426313894
940.8,31630,0.92,22.700156358677,9.76191690320515,56.9962569906541,-256.088224201336,0.163899458009759
940.8,31630,0.94,22.700156358677,9.34712046919124,58.8235414703725,-264.300025450575,0.167462489705623
940.8,31630,0.96,22.700156358677,9.19802103866346,59.4803626313016,-267.251790297439,0.171025521401487
940.8,31630,0.98,22.700156358677,8.77890617602167,61.3266708946435,-275.549173414991,0.174588553097352
940.8,31630,1.0,22.700156358677,8.49479902943683,62.5782356067792,-281.173791418588,0.178151584793216
940.8,31630,1.02,22.700156358677,8.21069188285204,63.8298003189148,-286.798437872668,0.18171461648908
940.8,31630,1.04,22.700156358677,7.92658473626721,65.0813650310505,-292.423112131242,0.185277648184945
940.8,31630,1.06,22.700156358677,7.79154860949539,65.6762337387288,-295.096529373539,0.188840679880809
940.8,31630,1.08,22.700156358677,7.35990462168901,67.5777360058768,-303.642167967146,0.192403711576673
940.8,31630,1.1,22.700156358677,7.07426329651283,68.8360591674571,-309.297295546964,0.195966743272538
940.8,31730,0.9,22.700156358677,9.8546532505249,56.5877296402057,-254.251938647716,0.160843369971859
940.8,31730,0.92,22.700156358677,9.70050721322703,57.2667823958884,-257.303580198011,0.164417667082345
940.8,31730,0.94,22.700156358677,9.2837420012736,59.1027398464375,-265.554360890342,0.16799196419283
940.8,31730,0.96,22.700156358677,9.13393488946999,59.762678524553,-268.520137096654,0.171566261303316
940.8,31730,0.98,22.700156358677,8.71283075202214,61.61775005267,-276.856906127238,0.175140558413802
940.8,31730,1.0,22.700156358677,8.42737512739691,62.875255155784,-282.508223087055,0.178714855524288
940.8,31730,1.02,22.700156358677,8.14191950277134,64.1327602588995,-288.159568701482,0.182289152634774
940.8,31730,1.04,22.700156358677,7.85646387814548,65.3902653620163,-293.810942318004,0.185863449745259
940.8,31730,1.06,22.700156358677,7.72078681976115,65.9879575375263,-296.49704983261,0.189437746855745
940.8,31730,1.08,22.700156358677,7.28709408926746,67.89848504069,-305.083253258925,0.193012043966231
940.8,31730,1.1,22.700156358677,7.00009700426892,69.1627806713623,-310.765224932066,0.196586341076717
940.8,31830,0.9,22.700156358677,9.79387601215911,56.85546893418,-255.454772246335,0.161350313825637
940.8,31830,0.92,22.700156358677,9.63900064800083,57.5377345613904,-258.520853486574,0.164935876355096
940.8,31830,0.94,22.700156358677,9.22026355231376,59.3823786645885,-266.810675164811,0.168521438884555
940.8,31830,0.96,22.700156358677,9.06974764285035,60.0454397778476,-269.790484852521,0.172107001414013
940.8,31830,0.98,22.700156358677,8.64665109246826,61.9092883949976,-278.16670198101,0.175692563943472
940.8,31830,1.0,22.700156358677,8.3598448625457,63.1727432602014,-283.844760050986,0.17927812647293
940.8,31830,1.02,22.700156358677,8.07303863262308,64.4361981254054,-289.522846980132,0.182863689002389
940.8,31830,1.04,22.700156358677,7.78623240270059,65.6996529906088,-295.20096210936,0.186449251531848
940.8,31830,1.06,22.700156358677,7.64991340161861,66.3001730880392,-297.899779932487,0.190034814061306
940.8,31830,1.08,22.700156358677,7.21416869649706,68.2197400647441,-306.526612237878,0.193620376590765
940.8,31830,1.1,22.700156358677,6.92581371293278,69.4900175862206,-312.235470387508,0.197205939120223
940.8,31930,0.9,22.700156358677,9.73300319761566,57.1236292656844,-256.659497406519,0.161857257875225
940.8,31930,0.92,22.700156358677,9.57739735968286,57.8091128168729,-259.740041063213,0.165454085828007
940.8,31930,0.94,22.700156358677,9.15668527934646,59.6624572330473,-268.068965173816,0.16905091378079
940.8,31930,0.96,22.700156358677,9.00545945759238,60.3286456916844,-271.062830430207,0.172647741733573
940.8,31930,0.98,22.700156358677,8.5803673610768,62.2012852004123,-279.47855774412,0.176244569686356
940.8,31930,1.0,22.700156358677,8.2922084019422,63.4706991840937,-285.183399012261,0.179841397639138
940.8,31930,1.02,22.700156358677,8.00404944280765,64.7401131677749,-290.888269344462,0.183438225591921
940.8,31930,1.04,22.700156358677,7.71589048367273,66.0095271514578,-296.593168074985,0.187035053544704
940.8,31930,1.06,22.700156358677,7.57892853039616,66.6128796179011,-299.30471621147,0.190631881497487
940.8,31930,1.08,22.700156358677,7.14112862378272,68.5415002833094,-307.972241341981,0.194228709450269
940.8,31930,1.1,22.700156358677,6.85141360626862,69.8177691025035,-313.708028284826,0.197825537403052
940.8,32030,0.9,22.700156358677,9.6720349565404,57.3922099754907,-257.866111174189,0.162364202120616
940.8,32030,0.92,22.700156358677,9.51569749971456,58.0809164951974,-260.961139938333,0.165972295501074
940.8,32030,0.94,22.700156358677,9.09300733866749,59.942974863291,-269.329227831784,0.169580388881532
940.8,32030,0.96,22.700156358677,8.94107049173763,60.6122955698499,-272.337170709678,0.17318848226199
940.8,32030,0.98,22.700156358677,8.51397972079462,62.4937397510912,-280.79247019953,0.176796575642448
940.8,32030,1.0,22.700156358677,8.22446591185835,63.7691221949905,-286.52413668809,0.180404669022906
940.8,32030,1.02,22.700156358677,7.93495210292179,65.0445046388912,-292.255832445917,0.184012762403364
940.8,32030,1.04,22.700156358677,7.64543829398583,66.3198870827892,-297.987556800733,0.187620855783822
940.8,32030,1.06,22.700156358677,7.50783238059835,66.9260763583749,-300.71185522418,0.191228949164281
940.8,32030,1.08,22.700156358677,7.06797405068118,68.8637649053924,-309.420137025954,0.194837042544739
940.8,32030,1.1,22.700156358677,6.77689686717642,70.1460344144899,-315.18289501267,0.198445135925197
940.8,32130,0.9,22.700156358677,9.61097143787647,57.661210407466,-259.074610608984,0.162871146561805
940.8,32130,0.92,22.700156358677,9.45390121882685,58.3531449323557,-262.184147136311,0.16649050537429
940.8,32130,0.94,22.700156358677,9.02922988584097,60.2239308700197,-270.591460067695,0.170109864186775
940.8,32130,0.96,22.700156358677,8.87658090258679,60.8963887193941,-273.613502585567,0.173729222999259
940.8,32130,0.98,22.700156358677,8.44748833380531,62.7866513325741,-282.108436145386,0.177348581811744
940.8,32130,1.0,22.700156358677,8.15661755778758,64.0680115638509,-287.866969811233,0.180967940624228
940.8,32130,1.02,22.700156358677,7.86574678176973,65.3493717951282,-293.625532951898,0.184587299436713
940.8,32130,1.04,22.700156358677,7.57487600575192,66.6307320264054,-299.38412488843,0.188206658249197
940.8,32130,1.06,22.700156358677,7.43662512591072,67.2397625443311,-302.121193541325,0.191826017061682
940.8,32130,1.08,22.700156358677,6.99470515590687,69.1865331437103,-310.870295761174,0.195445375874166
940.8,32130,1.1,22.700156358677,6.70226367769848,70.4748127202367,-316.66006697657,0.199064734686651
940.8,32230,0.9,22.700156358677,9.54981278987197,57.9306299085398,-260.284992784405,0.163378091198789
940.8,32230,0.92,22.700156358677,9.39200866704636,58.625797467442,-263.409059695473,0.167008715447651
940.8,32230,0.94,22.700156358677,8.96535307570306,60.5053245711406,-271.855658824776,0.170639339696513
940.8,32230,0.96,22.700156358677,8.81199084670518,61.1809244506069,-274.891822966971,0.174269963945375
940.8,32230,0.98,22.700156358677,8.38089336153385,63.0800192337429,-283.426452394789,0.177900588194237
940.8,32230,1.0,22.700156358677,8.08866350444926,64.3673665650439,-289.21189512963,0.181531212443099
940.8,32230,1.02,22.700156358677,7.79643364736494,65.6547138963437,-294.99736754523,0.185161836691961
940.8,32230,1.04,22.700156358677,7.50420379028018,66.9420612276455,-300.782868955878,0.188792460940823
940.8,32230,1.06,22.700156358677,7.36530693920804,67.5539374142122,-303.532727749784,0.192423085189685
940.8,32230,1.08,22.700156358677,6.92132211733932,69.5098042146582,-312.32271403545,0.196053709438547
940.8,32230,1.1,22.700156358677,6.62751421902638,70.8041032215487,-318.139540598914,0.199684333687409
940.8,32330,0.9,22.700156358677,9.48855916008385,58.2004678286857,-261.497254787612,0.163885036031562
940.8,32330,0.92,22.700156358677,9.33001999370111,58.8988734426282,-264.635874668029,0.167526925721152
940.8,32330,0.94,22.700156358677,8.90137706236881,60.7871552877374,-273.12182106062,0.171168815410742
940.8,32330,0.96,22.700156358677,8.74730047992805,61.4659020769941,-276.172128777425,0.174810705100333
940.8,32330,0.98,22.700156358677,8.31419496465356,63.3738427467901,-284.746515775662,0.178452594789923
940.8,32330,1.0,22.700156358677,8.02060391579579,64.6671864763171,-290.558909406453,0.182094484479513
940.8,32330,1.02,22.700156358677,7.72701286693818,65.9605302058434,-296.371332924201,0.185736374169103
940.8,32330,1.04,22.700156358677,7.43342181808056,67.2538739353697,-302.183785636552,0.189378263858694
940.8,32330,1.06,22.700156358677,7.29387799255869,67.8686002100129,-304.946454452243,0.193020153548284
940.8,32330,1.08,22.700156358677,6.84782511202928,69.8335773382823,-313.777388353054,0.196662043237874
940.8,32330,1.1,22.700156358677,6.5526486715079,71.1339051239478,-319.621312318784,0.200303932927464
940.8,32430,0.9,22.700156358677,9.42721069538374,58.4707235208966,-262.711393719244,0.164391981060118
940.8,32430,0.92,22.700156358677,9.26793534742424,59.1723722031473,-265.864589119704,0.168045136194788
940.8,32430,0.94,22.700156358677,8.8373019992374,61.0694223440475,-274.389943746901,0.171698291329457
940.8,32430,0.96,22.700156358677,8.68250995736853,61.7513209152425,-277.454416954856,0.175351446464126
940.8,32430,0.98,22.700156358677,8.24739330309112,63.668121167198,-286.068623130753,0.179004601598795
940.8,32430,1.0,22.700156358677,7.95243895501794,64.9674705787735,-291.908009419926,0.182657756733465
940.8,32430,1.02,22.700156358677,7.65748460694475,66.266819990349,-297.747425802609,0.186310911868134
940.8,32430,1.04,22.700156358677,7.36253025887144,67.566169401925,-303.58687157968,0.189964067002803
940.8,32430,1.06,22.700156358677,7.22233845723258,68.1837501772454,-306.362370267198,0.193617222137473
940.8,32430,1.08,22.700156358677,6.77421431620495,70.1578517382523,-315.234315234451,0.197270377272142
940.8,32430,1.1,22.700156358677,6.47766721465205,71.4642176366508,-321.105378591704,0.200923532406811
940.8,32530,0.9,22.700156358677,9.36576754196346,58.7413963411602,-263.927406693445,0.164898926284454
940.8,32530,0.92,22.700156358677,9.20575487616268,59.4462930972551,-267.095200130071,0.168563346868553
940.8,32530,0.94,22.700156358677,8.77312803899821,61.3521250674349,-275.660023869432,0.172227767452652
940.8,32530,0.96,22.700156358677,8.61761943342007,62.0371802852096,-278.738684451249,0.175892188036751
940.8,32530,0.98,22.700156358677,8.18048853603321,63.9628537937085,-287.392771317396,0.179556608620849
940.8,32530,1.0,22.700156358677,7.88416878455085,65.2682181568447,-293.259191963172,0.183221029204948
940.8,32530,1.02,22.700156358677,7.58784903306815,66.5735825199823,-299.1256429093,0.186885449789047
940.8,32530,1.04,22.700156358677,7.29152928158578,67.8789468831186,-304.992123449988,0.190549870373146
940.8,32530,1.06,22.700156358677,7.15068850370604,68.4993865649179,-307.780471828836,0.194214290957245
940.8,32530,1.08,22.700156358677,6.70048990527853,70.4826266418323,-316.693491216208,0.197878711541344
940.8,32530,1.1,22.700156358677,6.40257002713816,71.7950399725295,-322.591735889763,0.201543132125443
940.8,32630,0.9,22.700156358677,9.30422984533909,59.0124856484409,-265.145290837633,0.165405871704563
940.8,32630,0.92,22.700156358677,9.14347872717914,59.7206354762217,-268.327704792047,0.169081557742442
940.8,32630,0.94,22.700156358677,8.70885533363482,61.6352627883732,-276.932058427771,0.172757243780321
940.8,32630,0.96,22.700156358677,8.55262906176403,62.3234795098896,-280.024928232799,0.1764329298182
940.8,32630,0.98,22.700156358677,8.11348082193109,64.2580399283031,-288.718957207442,0.18010861585608
940.8,32630,1.0,22.700156358677,7.8157935660792,65.5694284982682,-294.612453844105,0.183784301893959
940.8,32630,1.02,22.700156358677,7.5181063102274,66.8808170682329,-300.505980988366,0.187459987931838
940.8,32630,1.04,22.700156358677,7.22041905437549,68.192205638198,-306.399537927504,0.191135673969717
940.8,32630,1.06,22.700156358677,7.07892830166883,68.8155086255036,-309.200755786889,0.194811360007596
940.8,32630,1.08,22.700156358677,6.62665205385298,70.8079012798518,-318.154912850967,0.198487046045476
940.8,32630,1.1,22.700156358677,6.32735728681951,72.1263713480946,-324.080380701245,0.202162732083355
940.8,32730,0.9,22.700156358677,9.24259775035794,59.2839908046492,-266.365043292514,0.165912817320441
940.8,32730,0.92,22.700156358677,9.08110704705811,59.995398694305,-269.562100211947,0.169599768816451
940.8,32730,0.94,22.700156358677,8.64448403443259,61.9188348404116,-278.206044435525,0.173286720312461
940.8,32730,0.96,22.700156358677,8.48753899537395,62.6102179153949,-281.313145279549,0.176973671808471
940.8,32730,0.98,22.700156358677,8.04637031850732,64.5536788761737,-290.047177687142,0.18066062330448
940.8,32730,1.0,22.700156358677,7.74731346054457,65.8711008940553,-295.967791885394,0.18434757480049
940.8,32730,1.02,22.700156358677,7.44825660258219,67.1885229119352,-301.888436798743,0.1880345262965
940.8,32730,1.04,22.700156358677,7.14919974461929,68.5059449298174,-307.809111707626,0.19172147779251
940.8,32730,1.06,22.700156358677,7.00705802002991,69.1321156149151,-310.623218806546,0.19540842928852
940.8,32730,1.08,22.700156358677,6.55270093572719,71.1336748866822,-319.618576707205,0.199095380784529
940.8,32730,1.1,22.700156358677,6.25202917073157,72.4582109834597,-325.571309530619,0.202782332280539
940.8,32830,0.9,22.700156358677,9.18087140120289,59.5559111746226,-267.586661211941,0.166419763132083
940.8,32830,0.92,22.700156358677,9.01863998171308,60.2705821087186,-270.798383509457,0.170117980090574
940.8,32830,0.94,22.700156358677,8.58001429198188,62.2028405601611,-279.481978919843,0.173816197049065
940.8,32830,0.96,22.700156358677,8.4223493865221,62.8973948309272,-282.603332585507,0.177514414007556
940.8,32830,0.98,22.700156358677,7.97915718276045,64.8497699457014,-291.377429657091,0.181212630966046
940.8,32830,1.0,22.700156358677,7.67872862814998,66.1732346384705,-297.325202924297,0.184910847924537
940.8,32830,1.02,22.700156358677,7.37830007353946,67.4966993312399,-303.273007114406,0.188609064883028
940.8,32830,1.04,22.700156358677,7.07787151892877,68.8201640240099,-309.220841501003,0.192307281841519
940.8,32830,1.06,22.700156358677,6.93507782692261,69.4492067924822,-312.047857568175,0.196005498800009
940.8,32830,1.08,22.700156358677,6.4786367239027,71.4599467002073,-321.084479369077,0.1997037157585
940.8,32830,1.1,22.700156358677,6.17658585509733,72.7905581023174,-327.064518898448,0.203401932716991
940.8,32930,0.9,22.700156358677,9.11905094139658,59.8282461261071,-268.810141762705,0.166926709139484
940.8,32930,0.92,22.700156358677,8.95607767638911,60.5461850796208,-272.036551817395,0.170636191564806
940.8,32930,0.94,22.700156358677,8.5154462561839,62.4872792872683,-280.759858921493,0.174345673990128
940.8,32930,0.96,22.700156358677,8.35706038678429,63.1850095887562,-283.895487158421,0.17805515641545
940.8,32930,0.98,22.700156358677,7.91184157097145,65.1463124484286,-292.709710032046,0.181764638840772
940.8,32930,1.0,22.700156358677,7.61003922836526,66.4758290290086,-298.684683812521,0.185474121266094
940.8,32930,1.02,22.700156358677,7.30823688575895,67.8053456095891,-304.659688724009,0.189183603691416
940.8,32930,1.04,22.700156358677,7.00643454315275,69.1348621901691,-310.634724033225,0.192893086116738
940.8,32930,1.06,22.700156358677,6.86298788971226,69.7667814209177,-313.474668767507,0.196602568542059
940.8,32930,1.08,22.700156358677,6.40445959059044,71.7867159617939,-322.55261743651,0.200312050967381
940.8,32930,1.1,22.700156358677,6.10102751533414,73.1234119319092,-328.560005341175,0.204021533392703
940.8,33030,0.9,22.700156358677,9.05713651380772,60.1009950297295,-270.03548212466,0.16743365534264
940.8,33030,0.92,22.700156358677,8.89342027566916,60.8222069700868,-273.276602281677,0.171154403239143
940.8,33030,0.94,22.700156358677,8.45078007625768,62.7721503643854,-282.039681494879,0.174875151135646
940.8,33030,0.96,22.700156358677,8.29167214704486,63.4730615241977,-285.189606019677,0.178595899032149
940.8,33030,0.98,22.700156358677,7.84442363870796,65.4433056990399,-294.044015740823,0.182316646928652
940.8,33030,1.0,22.700156358677,7.54124541993335,66.7788833663661,-300.046231416164,0.186037394825155
940.8,33030,1.02,22.700156358677,7.23806720115844,68.1144610336936,-306.048478430884,0.189758142721658
940.8,33030,1.04,22.700156358677,6.93488898238358,69.4500387010208,-312.050756044843,0.193478890618161
940.8,33030,1.06,22.700156358677,6.79078837499983,70.0848387663017,-314.903649115264,0.197199638514664
940.8,33030,1.08,22.700156358677,6.33016970721508,72.1139819162725,-324.022987524833,0.200920386411167
940.8,33030,1.1,22.700156358677,6.02535432605876,73.4567717030037,-330.057765411022,0.204641134307671
940.8,33130,0.9,22.700156358677,8.9951282606553,60.3741572589787,-271.262679490404,0.167940601741544
940.8,33130,0.92,22.700156358677,8.83066792347896,61.0986471460868,-274.518532061202,0.171672615113578
940.8,33130,0.94,22.700156358677,8.38601590074334,63.057453137155,-283.321443707745,0.175404628485612
940.8,33130,0.96,22.700156358677,8.22618481750226,63.7615499755892,-286.485686204256,0.179136641857646
940.8,33130,0.98,22.700156358677,7.77690354083099,65.740749015333,-295.380343726268,0.182868655229681
940.8,33130,1.0,22.700156358677,7.47234736087523,67.0823969544202,-301.409842615551,0.186600668601715
940.8,33130,1.02,22.700156358677,7.16779118091902,68.4240448935094,-307.43937305293,0.190332681973749
940.8,33130,1.04,22.700156358677,6.86323500096317,69.765692832597,-313.468934291296,0.194064695345784
940.8,33130,1.06,22.700156358677,6.71847944862997,70.4033780980461,-316.334795337135,0.197796708717818
940.8,33130,1.08,22.700156358677,6.25576724442289,72.4417438119026,-325.495586264837,0.201528722089852
940.8,33130,1.1,22.700156358677,5.94956646109491,73.7906366498629,-331.557795675978,0.205260735461887
940.8,33230,0.9,22.700156358677,8.93302632351438,60.6477321901804,-272.491731065352,0.168447548336191
940.8,33230,0.92,22.700156358677,8.76782076309202,61.3755049764643,-275.762338327788,0.172190827188107
940.8,33230,0.94,22.700156358677,8.32115387750685,63.3431869541897,-284.605142641065,0.175934106040022
940.8,33230,0.96,22.700156358677,8.16059854767451,64.0504742842656,-287.78372476055,0.179677384891938
940.8,33230,0.98,22.700156358677,7.70928143149973,66.0386417181972,-296.71869094509,0.183420663743853
940.8,33230,1.0,22.700156358677,7.40334520849616,67.3863691002011,-302.775514305206,0.187163942595768
940.8,33230,1.02,22.700156358677,7.09740898549248,68.7340964822053,-308.832369422424,0.190907221447684
940.8,33230,1.04,22.700156358677,6.79147276248882,70.0818238642095,-314.889255542624,0.194650500299599
940.8,33230,1.06,22.700156358677,6.64606127569496,70.7223986888771,-317.768104173659,0.198393779151514
940.8,33230,1.08,22.700156358677,6.18125237208577,72.7700009003549,-326.970410302539,0.20213705800343
940.8,33230,1.1,22.700156358677,5.87366409347783,74.1250060102222,-333.0600927195,0.205880336855345
940.8,33330,0.9,22.700156358677,8.87083084331873,60.9217192024851,-273.722634067473,0.168954495126578
940.8,33330,0.92,22.700156358677,8.70487893713414,61.6527798329162,-277.008018266036,0.172709039462725
940.8,33330,0.94,22.700156358677,8.25619415374713,63.6293511670405,-285.890775389104,0.176463583798871
940.8,33330,0.96,22.700156358677,8.09491348640368,64.3398337945393,-289.083718750321,0.180218128135017
940.8,33330,0.98,22.700156358677,7.64155746417558,66.3369831315957,-298.059054367622,0.183972672471163
940.8,33330,1.0,22.700156358677,7.33423911939006,67.6907991138722,-304.143243393637,0.187727216807309
940.8,33330,1.02,22.700156358677,7.02692077460401,69.044615096151,-310.22746438597,0.191481761143456
940.8,33330,1.04,22.700156358677,6.71960242981824,70.3984310784286,-316.311716583571,0.195236305479602
940.8,33330,1.06,22.700156358677,6.57353402054173,71.0418998148044,-319.203572380151,0.198990849815748
940.8,33330,1.08,22.700156358677,6.1066252593088,73.0987524366784,-328.447456299142,0.202745394151894
940.8,33330,1.1,22.700156358677,5.79764739546117,74.4598790252603,-334.56465314055,0.20649993848804
941.0,31330,0.9,22.700156358677,10.0387870823947,55.7765729725582,-250.62459063036,0.158781814322519
941.0,31330,0.92,22.700156358677,9.88685065107964,56.4458918482275,-253.632684806336,0.162310299085242
941.0,31330,0.94,22.700156358677,9.47605955900456,58.2555317713378,-261.765725107936,0.165838783847965
941.0,31330,0.96,22.700156358677,9.32839985686707,58.9060105601372,-264.689178874726,0.169367268610687
941.0,31330,0.98,22.700156358677,8.91333203561414,60.7344905701186,-272.906979428376,0.17289575337341
941.0,31330,1.0,22.700156358677,8.63196827391921,61.9739699695077,-278.47764980908,0.176424238136132
941.0,31330,1.02,22.700156358677,8.35060451222383,63.2134493688989,-284.048348127821,0.179952722898855
941.0,31330,1.04,22.700156358677,8.06924075052857,64.4529287682895,-289.619073754033,0.183481207661578
941.0,31330,1.06,22.700156358677,7.93550855459507,65.0420533268187,-292.266849041489,0.1870096924243
941.0,31330,1.08,22.700156358677,7.50803259145146,66.9251943783129,-300.730522221875,0.190538177187023
941.0,31330,1.1,22.700156358677,7.22514946544304,68.1713669664603,-306.33140843595,0.194066661949746
941.0,31430,0.9,22.700156358677,9.9781156641583,56.0438461017727,-251.825410989138,0.159288649471313
941.0,31430,0.92,22.700156358677,9.82545117582402,56.7163722549942,-254.847920609349,0.162828397237342
941.0,31430,0.94,22.700156358677,9.41269163329023,58.5346837062984,-263.019936341345,0.166368145003372
941.0,31430,0.96,22.700156358677,9.26432436759107,59.1882794937233,-265.957400024682,0.169907892769401
941.0,31430,0.98,22.700156358677,8.84726760242303,61.0255213108203,-274.214582433898,0.17344764053543
941.0,31430,1.0,22.700156358677,8.56455558698931,62.2709401130818,-279.81194901918,0.176987388301459
941.0,31430,1.02,22.700156358677,8.28184357155583,63.5163589153423,-285.409343745877,0.180527136067488
941.0,31430,1.04,22.700156358677,7.99913155612197,64.7617777176043,-291.006765976865,0.184066883833517
941.0,31430,1.06,22.700156358677,7.86475853518613,65.3537252743201,-293.667230227759,0.187606631599547
941.0,31430,1.08,22.700156358677,7.43523417013751,67.2458900605967,-302.171464056123,0.191146379365576
941.0,31430,1.1,22.700156358677,7.1509955098206,68.4980341243897,-307.799191593571,0.194686127131605
941.0,31530,0.9,22.700156358677,9.91734762138745,56.3115448867972,-253.02814376375,0.159795484815334
941.0,31530,0.92,22.700156358677,9.76395391653979,56.9872834254396,-256.065091805164,0.163346495589008
941.0,31530,0.94,22.700156358677,9.34922278861904,58.8142802150992,-264.276145091093,0.166897506362682
941.0,31530,0.96,22.700156358677,9.20014683250068,59.4709979652454,-267.227641021599,0.170448517136356
941.0,31530,0.98,22.700156358677,8.78109795585042,61.3170155434022,-275.524268057979,0.17399952791003
941.0,31530,1.0,22.700156358677,8.49703553946636,62.5683832075526,-281.14837339961,0.177550538683704
941.0,31530,1.02,22.700156358677,8.21297312308185,63.8197508717049,-286.772507086315,0.181101549457378
941.0,31530,1.04,22.700156358677,7.92891070669786,65.071118535855,-292.396668474619,0.184652560231052
941.0,31530,1.06,22.700156358677,7.79389584019048,65.6658935866259,-295.069841914278,0.188203571004726
941.0,31530,1.08,22.700156358677,7.36231981097782,67.5670964787711,-303.614701041395,0.1917545817784
941.0,31530,1.1,22.700156358677,7.07672345754528,68.8252215283079,-309.269312685268,0.195305592552074
941.0,31630,0.9,22.700156358677,9.85648310729234,56.5796686527018,-254.23278592948,0.160302320354576
941.0,31630,0.92,22.700156358677,9.70235902827579,57.2586246765339,-257.284195332665,0.163864594140233
941.0,31630,0.94,22.700156358677,9.28565318500852,59.0943205928221,-265.534348197725,0.16742686792589
941.0,31630,0.96,22.700156358677,9.1358674134013,59.7541652619094,-268.499898670782,0.170989141711547
941.0,31630,0.98,22.700156358677,8.71482326272492,61.6089725329415,-276.836033006763,0.174551415497205
941.0,31630,1.0,22.700156358677,8.42940830158291,62.8662985030021,-282.486919589196,0.178113689282862
941.0,31630,1.02,22.700156358677,8.14399334044105,64.123624473062,-288.137834720805,0.181675963068519
941.0,31630,1.04,22.700156358677,7.8585783792991,65.3809504431223,-293.788777751514,0.185238236854176
941.0,31630,1.06,22.700156358677,7.72292064826844,65.9785574766916,-296.474680573228,0.188800510639833
941.0,31630,1.08,22.700156358677,7.28928969780544,67.8888128230044,-305.060229547613,0.192362784425491
941.0,31630,1.1,22.700156358677,7.00233349587356,69.152928353302,-310.741768013374,0.195925058211148
941.0,31730,0.9,22.700156358677,9.79552227435562,56.8482167277613,-255.439334475882,0.160809156089034
941.0,31730,0.92,22.700156358677,9.64066666534374,57.5303953284945,-258.505228145232,0.164382692891013
941.0,31730,0.94,22.700156358677,9.2219829817192,59.3748041378836,-266.794542517026,0.167956229692991
941.0,31730,0.96,22.700156358677,9.07148627133143,60.0377806742996,-269.774169792839,0.17152976649497
941.0,31730,0.98,22.700156358677,8.64844368908249,61.9013915480072,-278.1498740019,0.175103303296948
941.0,31730,1.0,22.700156358677,8.36167404276417,63.1646852530689,-283.82758424268,0.178676840098927
941.0,31730,1.02,22.700156358677,8.07490439644631,64.4279789581285,-289.505323237101,0.182250376900905
941.0,31730,1.04,22.700156358677,7.78813475012807,65.6912726631898,-295.183090328424,0.185823913702884
941.0,31730,1.06,22.700156358677,7.65183313723276,66.2917161612066,-297.881742693657,0.189397450504862
941.0,31730,1.08,22.700156358677,7.21614401358125,68.2110382873071,-306.508045962008,0.192970987306841
941.0,31730,1.1,22.700156358677,6.92782581117295,69.4811537783755,-312.216553897717,0.196544524108819
941.0,31830,0.9,22.700156358677,9.73446527433759,57.1171884434327,-256.647786406769,0.161315992018704
941.0,31830,0.92,22.700156358677,9.57887698132548,57.802594704754,-259.728187210766,0.164900791841342
941.0,31830,0.94,22.700156358677,9.15821233725583,59.6557301520297,-268.056724919449,0.16848559166398
941.0,31830,0.96,22.700156358677,9.00700356656547,60.3218434963661,-271.050451223267,0.172070391486618
941.0,31830,0.98,22.700156358677,8.58195940017404,62.1942718606269,-279.465787780773,0.175655191309256
941.0,31830,1.0,22.700156358677,8.29383293163332,63.4635427149247,-285.170364030745,0.179239991131893
941.0,31830,1.02,22.700156358677,8.00570646309241,64.7328135692234,-290.874969239086,0.182824790954531
941.0,31830,1.04,22.700156358677,7.71757999455117,66.0020844235235,-296.579602742556,0.186409590777169
941.0,31830,1.06,22.700156358677,7.58063348405401,66.6053688605702,-299.291024781156,0.189994390599807
941.0,31830,1.08,22.700156358677,7.14288294039984,68.533772069506,-307.958146688923,0.193579190422445
941.0,31830,1.1,22.700156358677,6.853200588929,69.809896986417,-313.693666675632,0.197163990245083
941.0,31930,0.9,22.700156358677,9.67331225828336,57.3865831343237,-257.858138740165,0.161822828143581
941.0,31930,0.92,22.700156358677,9.51699012907846,58.0752221319363,-260.953069511392,0.165418890991216
941.0,31930,0.94,22.700156358677,9.09434140937667,59.937097940295,-269.320892290389,0.169014953838851
941.0,31930,0.96,22.700156358677,8.94241945862382,60.6063530253807,-272.328739812714,0.172611016686486
941.0,31930,0.98,22.700156358677,8.51537056047048,62.4876127462641,-280.783771095999,0.176207079534121
941.0,31930,1.0,22.700156358677,8.22588513601742,63.7628701492484,-286.51525563969,0.179803142381756
941.0,31930,1.02,22.700156358677,7.93639971156401,65.0381275522344,-292.246769346828,0.183399205229391
941.0,31930,1.04,22.700156358677,7.64691428711084,66.3133849552193,-297.978311547671,0.186995268077026
941.0,31930,1.06,22.700156358677,7.50932186486814,66.9195147988584,-300.702523357822,0.190591330924662
941.0,31930,1.08,22.700156358677,7.0695066594966,68.8570133712126,-309.410528149613,0.194187393772297
941.0,31930,1.1,22.700156358677,6.77845801375123,70.1391571641743,-315.173102701584,0.197783456619932
941.0,32030,0.9,22.700156358677,9.612063376527,57.6564001381742,-259.070388508046,0.162329664463659
941.0,32030,0.92,22.700156358677,9.45500626074127,58.348276939832,-262.179872043568,0.165936990340629
941.0,32030,0.94,22.700156358677,9.03037035509809,60.218906810982,-270.587041529913,0.169544316217599
941.0,32030,0.96,22.700156358677,8.87773410627521,60.8913085619265,-273.609032426476,0.173151642094569
941.0,32030,0.98,22.700156358677,8.44867733366921,62.7814134837897,-282.10382071557,0.176758967971539
941.0,32030,1.0,22.700156358677,8.15783082295478,64.0626668201935,-287.862255771424,0.18036629384851
941.0,32030,1.02,22.700156358677,7.86698431224036,65.3439201565973,-293.620720196282,0.18397361972548
941.0,32030,1.04,22.700156358677,7.57613780152601,66.6251734930008,-299.379213313599,0.18758094560245
941.0,32030,1.06,22.700156358677,7.43789845498331,67.234153203794,-302.116234962154,0.19118827147942
941.0,32030,1.08,22.700156358677,6.99601535125489,69.1807613977923,-310.865186782225,0.19479559735639
941.0,32030,1.1,22.700156358677,6.70359826938263,70.4689335022126,-316.654858347429,0.198402923233361
941.0,32130,0.9,22.700156358677,9.55071877869859,57.9266387958254,-260.284532756463,0.162836500978933
941.0,32130,0.92,22.700156358677,9.39292552773879,58.6217584613755,-263.408591817745,0.166455089889576
941.0,32130,0.94,22.700156358677,8.96629933069929,60.5011560756409,-271.855169552512,0.170073678800219
941.0,32130,0.96,22.700156358677,8.81294766754453,61.1767094098634,-274.891325944668,0.173692267710862
941.0,32130,0.98,22.700156358677,8.38187988270039,63.0756733554548,-283.425933422667,0.177310856621505
941.0,32130,1.0,22.700156358677,8.08967015870084,64.3629319953622,-289.21136114349,0.180929445532148
941.0,32130,1.02,22.700156358677,7.79746043470111,65.6501906352703,-294.996818439067,0.184548034442791
941.0,32130,1.04,22.700156358677,7.50525071070176,66.9374492751768,-300.782304626267,0.188166623353434
941.0,32130,1.06,22.700156358677,7.36636342888495,67.549283306724,-303.532156148922,0.191785212264077
941.0,32130,1.08,22.700156358677,6.92240919521258,69.5050153583346,-312.322119041643,0.19540380117472
941.0,32130,1.1,22.700156358677,6.62862153870333,70.7992251948979,-318.13893000183,0.199022390085363
941.0,32230,0.9,22.700156358677,9.48927861372808,58.1972984512027,-261.500568545128,0.1633433376894
941.0,32230,0.92,22.700156358677,9.33074808078845,58.8956660326182,-264.639225858374,0.166973189638053
941.0,32230,0.94,22.700156358677,8.90212849173029,60.7838450490342,-273.125273287239,0.170603041586706
941.0,32230,0.96,22.700156358677,8.74806029971812,61.462554876305,-276.175617261957,0.17423289353536
941.0,32230,0.98,22.700156358677,8.31497836973258,63.3703916468653,-284.750106015415,0.177862745484013
941.0,32230,1.0,22.700156358677,8.02140330873358,64.6636649457816,-290.562568488547,0.181492597432666
941.0,32230,1.02,22.700156358677,7.72782824773472,65.9569382446972,-296.37506074259,0.18512244938132
941.0,32230,1.04,22.700156358677,7.43425318673611,67.2502115436116,-302.187582087696,0.188752301329973
941.0,32230,1.06,22.700156358677,7.29471696024316,67.8649043425871,-304.950283488864,0.192382153278626
941.0,32230,1.08,22.700156358677,6.84868837006772,69.8297744656289,-313.781321399224,0.19601200522728
941.0,32230,1.1,22.700156358677,6.55352800373955,71.1300314403583,-319.625314070443,0.199641857175933
941.0,32330,0.9,22.700156358677,9.42774302985207,58.468378451286,-262.718492947587,0.163850174595053
941.0,32330,0.92,22.700156358677,9.26847406990616,59.1699989927015,-265.871771203871,0.167491289586054
941.0,32330,0.94,22.700156358677,8.83785799301525,61.0669730491216,-274.397349677373,0.171132404577055
941.0,32330,0.96,22.700156358677,8.68307215934953,61.7488442715925,-277.46190328751,0.174773519568056
941.0,32330,0.98,22.700156358677,8.24797295617884,63.6655676469554,-286.076335307004,0.178414634559057
941.0,32330,1.0,22.700156358677,7.95303043776045,64.9648649458732,-291.915874554682,0.182055749550058
941.0,32330,1.02,22.700156358677,7.65808791934202,66.2641622447911,-297.755443789741,0.18569686454106
941.0,32330,1.04,22.700156358677,7.36314540092396,67.5634595437073,-303.59504231557,0.189337979532061
941.0,32330,1.06,22.700156358677,7.22295922191956,68.1810155498835,-306.370613568887,0.192979094523062
941.0,32330,1.08,22.700156358677,6.77485305368658,70.1550379361289,-315.242790342909,0.196620209514063
941.0,32330,1.1,22.700156358677,6.47831784566879,71.4613514404605,-321.114006975651,0.200261324505064
941.0,32430,0.9,22.700156358677,9.3661121746186,58.7398781460884,-263.938303050953,0.164357011695887
941.0,32430,0.92,22.700156358677,9.20610364440961,59.4447566838427,-267.10622490632,0.168009389733573
941.0,32430,0.94,22.700156358677,8.77348798866047,61.3505393970255,-275.671395680549,0.17166176777126
941.0,32430,0.96,22.700156358677,8.61798340226499,62.0355769092718,-278.750180944863,0.175314145808946
941.0,32430,0.98,22.700156358677,8.18086380270197,63.9612006479643,-287.404618125297,0.178966523846633
941.0,32430,1.0,22.700156358677,7.88455170972306,65.2665312734322,-293.271276104978,0.182618901884319
941.0,32430,1.02,22.700156358677,7.58823961674402,66.5718618989007,-299.137964278831,0.186271279922005
941.0,32430,1.04,22.700156358677,7.29192752376494,67.8771925243694,-305.00468194344,0.189923657959692
941.0,32430,1.06,22.700156358677,7.15109038597213,68.497616170654,-307.793142991657,0.193576035997378
941.0,32430,1.08,22.700156358677,6.70090342310874,70.4808049899297,-316.70652237684,0.197228414035064
941.0,32430,1.1,22.700156358677,6.40299124482774,71.7931844007751,-322.605005156498,0.200880792072751
941.0,32530,0.9,22.700156358677,9.30438619489229,59.0117968886336,-265.159995955842,0.164863848991898
941.0,32530,0.92,22.700156358677,9.14363695292658,59.7199384512985,-268.34258403157,0.168527490080607
941.0,32530,0.94,22.700156358677,8.70901863205715,61.6345434170185,-276.947408268282,0.172191131169316
941.0,32530,0.96,22.700156358677,8.55279418356956,62.3227521060651,-280.040447171795,0.175854772258025
941.0,32530,0.98,22.700156358677,8.11365106922255,64.257289945401,-288.734951313044,0.179518413346734
941.0,32530,1.0,22.700156358677,7.81596728780525,65.5686632095922,-294.62876991763,0.183182054435442
941.0,32530,1.02,22.700156358677,7.51828350638735,66.8800364737861,-300.522618923452,0.186845695524151
941.0,32530,1.04,22.700156358677,7.22059972496994,68.1914097379778,-306.416497620392,0.19050933661286
941.0,32530,1.06,22.700156358677,7.07911062366253,68.8147054504469,-309.21786837562,0.194172977701569
941.0,32530,1.08,22.700156358677,6.62683965455474,70.8070748507348,-318.172514021494,0.197836618790278
941.0,32530,1.1,22.700156358677,6.32754838071791,72.1255295305521,-324.098305068482,0.201500259878987
941.0,32630,0.9,22.700156358677,9.24256523685982,59.2841340349319,-266.383568776277,0.165370686483081
941.0,32630,0.92,22.700156358677,9.08107414339795,59.9955436433513,-269.580845658967,0.169045590627149
941.0,32630,0.94,22.700156358677,8.64445007589014,61.9189844364845,-278.225384426289,0.172720494771218
941.0,32630,0.96,22.700156358677,8.48750465765208,62.6103691818502,-281.332698920301,0.176395398915286
941.0,32630,0.98,22.700156358677,8.04633491492051,64.5538348380369,-290.067331727358,0.180070303059355
941.0,32630,1.0,22.700156358677,7.74727733443579,65.8712600388127,-295.988352785583,0.183745207203423
941.0,32630,1.02,22.700156358677,7.44821975395098,67.1886852395889,-301.909404452483,0.187420111347492
941.0,32630,1.04,22.700156358677,7.14916217346603,68.5061104403657,-307.830486011042,0.19109501549156
941.0,32630,1.06,22.700156358677,7.00702010546176,69.1322826382939,-310.644786354797,0.194769919635629
941.0,32630,1.08,22.700156358677,6.5526619234311,71.1338467458336,-319.640761813285,0.198444823779697
941.0,32630,1.1,22.700156358677,6.25198943201159,72.4583860426943,-325.593903183486,0.202119727923766
941.0,32730,0.9,22.700156358677,9.18064944603576,59.5568889439543,-267.609018639585,0.16587752416943
941.0,32730,0.92,22.700156358677,9.01841536308403,60.2715716112819,-270.821006881341,0.169563691373195
941.0,32730,0.94,22.700156358677,8.57978247214069,62.2038617859074,-279.505321154111,0.173249858576961
941.0,32730,0.96,22.700156358677,8.4221149781904,62.8984274596369,-282.626933156278,0.176936025780726
941.0,32730,0.98,22.700156358677,7.97891549824546,64.8508346278612,-291.40175624004,0.180622192984491
941.0,32730,1.0,22.700156358677,7.67848201129773,66.1743210488386,-297.350021516643,0.184308360188256
941.0,32730,1.02,22.700156358677,7.37804852435023,67.497807469815,-303.298317609726,0.187994527392021
941.0,32730,1.04,22.700156358677,7.07761503740248,68.8212938907925,-309.246643795296,0.191680694595786
941.0,32730,1.06,22.700156358677,6.93481900105631,69.4503469866827,-312.073893578742,0.195366861799551
941.0,32730,1.08,22.700156358677,6.47837040433685,71.4611199060727,-321.111262304632,0.199053029003316
941.0,32730,1.1,22.700156358677,6.17631457655967,72.7917531537231,-327.091795989626,0.202739196207082
941.0,32830,0.9,22.700156358677,9.11863896726595,59.8300609776179,-268.836342686262,0.166384362050942
941.0,32830,0.92,22.700156358677,8.95566075856913,60.5480217093488,-272.063064804806,0.17008179231874
941.0,32830,0.94,22.700156358677,8.51501597209207,62.4891747988456,-280.78721546496,0.173779222586539
941.0,32830,0.96,22.700156358677,8.35662529815862,63.1869262655349,-283.923146859728,0.177476652854338
941.0,32830,0.98,22.700156358677,7.91139297691837,65.1482886200725,-292.738221737079,0.181174083122136
941.0,32830,1.0,22.700156358677,7.60958147933156,66.4778455306858,-298.713772933312,0.184871513389935
941.0,32830,1.02,22.700156358677,7.30776998174471,67.8074024412992,-304.689355154,0.188568943657734
941.0,32830,1.04,22.700156358677,7.00595848415756,69.136959351914,-310.664967668331,0.192266373925532
941.0,32830,1.06,22.700156358677,6.86250747935444,69.768897751529,-313.505186712427,0.195963804193331
941.0,32830,1.08,22.700156358677,6.40396527107066,71.7888935658243,-322.584012063764,0.19966123446113
941.0,32830,1.1,22.700156358677,6.10052399139674,73.1256300837556,-328.591979991194,0.203358664728929
941.0,32930,0.9,22.700156358677,9.05653394473495,60.1036495007527,-270.065538069991,0.166891200127609
941.0,32930,0.92,22.700156358677,8.89281047576738,60.8248932947629,-273.307016548831,0.170599893463778
941.0,32930,0.94,22.700156358677,8.4501507263374,62.7749228118978,-282.071064385917,0.174308586799948
941.0,32930,0.96,22.700156358677,8.29103576982996,63.4758649287419,-285.221337024381,0.178017280136117
941.0,32930,0.98,22.700156358677,7.84376750794002,65.4461961230422,-294.076725118869,0.181725973472286
941.0,32930,1.0,22.700156358677,7.54057589874148,66.7818327786137,-300.079603872541,0.185434666808455
941.0,32930,1.02,22.700156358677,7.23738428954255,68.117469434187,-306.082513858965,0.189143360144624
941.0,32930,1.04,22.700156358677,6.93419268034398,69.4531060897586,-312.085454340492,0.192852053480793
941.0,32930,1.06,22.700156358677,6.79008570849202,70.0879341921513,-314.938662436063,0.196560746816962
941.0,32930,1.08,22.700156358677,6.32944669663625,72.117166962963,-324.059007674677,0.200269440153131
941.0,32930,1.1,22.700156358677,6.0246178527477,73.4600160564761,-330.094451708421,0.2039781334893
941.0,33030,0.9,22.700156358677,8.99433452196879,60.3776538810899,-271.296601957272,0.167398038399429
941.0,33030,0.92,22.700156358677,8.82986465992808,61.1021857276639,-274.552859245969,0.171117994808305
941.0,33030,0.94,22.700156358677,8.38518688478169,63.0611051646942,-283.35686495748,0.174837951217181
941.0,33030,0.96,22.700156358677,8.22534654478379,63.7652427815119,-286.52150065769,0.178557907626057
941.0,33030,0.98,22.700156358677,7.77603924759453,65.7445564482987,-295.417263299847,0.182277864034934
941.0,33030,1.0,22.700156358677,7.47146542900121,67.0862820900998,-301.447511185744,0.18599782044381
941.0,33030,1.02,22.700156358677,7.16689161040763,68.4280077319021,-307.477790513015,0.189717776852686
941.0,33030,1.04,22.700156358677,6.86231779181407,69.7697333737043,-313.50810053704,0.193437733261562
941.0,33030,1.06,22.700156358677,6.71755385583668,70.4074555712523,-316.374317444913,0.197157689670438
941.0,33030,1.08,22.700156358677,6.25481485324742,72.4459393388427,-325.536245736866,0.200877646079315
941.0,33030,1.1,22.700156358677,5.94859633603363,73.7949102991098,-331.599207677407,0.204597602488191
941.0,33130,0.9,22.700156358677,8.93204084184175,60.6520734892316,-272.529531527698,0.167904876866395
941.0,33130,0.92,22.700156358677,8.76682345563957,61.379898371103,-275.80059004189,0.171636096352315
941.0,33130,0.94,22.700156358677,8.32012459664897,63.3477211998645,-284.644614233687,0.175367315838235
941.0,33130,0.96,22.700156358677,8.15955777391044,64.0550591591344,-287.823634780765,0.179098535324155
941.0,33130,0.98,22.700156358677,7.7082083514562,66.0433689104974,-296.759833208558,0.182829754810075
941.0,33130,1.0,22.700156358677,7.40225022886005,67.3911927658129,-302.817491738717,0.186560974295995
941.0,33130,1.02,22.700156358677,7.09629210626357,68.7390166211298,-308.87518191914,0.190292193781914
941.0,33130,1.04,22.700156358677,6.79033398366718,70.0868404764463,-314.932902998262,0.194023413267834
941.0,33130,1.06,22.700156358677,6.64491208799709,70.7274611548783,-317.812148449415,0.197754632753754
941.0,33130,1.08,22.700156358677,6.18006991233653,72.77520993826,-327.015722865323,0.201485852239674
941.0,33130,1.1,22.700156358677,5.87245961587794,74.130312042396,-333.106244450044,0.205217071725594
941.0,33230,0.9,22.700156358677,8.86965304657969,60.9269076986366,-273.76432397348,0.168411715528503
941.0,33230,0.92,22.700156358677,8.70368700683459,61.6580305910199,-277.05020609511,0.172154198095803
941.0,33230,0.94,22.700156358677,8.25496401048662,63.6347702630198,-285.934309281902,0.175896680663103
941.0,33230,0.96,22.700156358677,8.09366960741571,64.3453133999143,-289.127736428181,0.179639163230403
941.0,33230,0.98,22.700156358677,7.64027497439333,66.3426328274039,-298.104431787407,0.183381645797703
941.0,33230,1.0,22.700156358677,7.33293045634698,67.6965641095947,-304.189542411392,0.187124128365003
941.0,33230,1.02,22.700156358677,7.02558593830002,69.0504953917882,-310.274684894784,0.190866610932303
941.0,33230,1.04,22.700156358677,6.71824142025339,70.4044266739803,-316.359858479076,0.194609093499604
941.0,33230,1.06,22.700156358677,6.57216057082604,71.0479502124052,-319.252152174894,0.198351576066904
941.0,33230,1.08,22.700156358677,6.10521204455766,73.1049780094401,-328.49743569043,0.202094058634204
941.0,33230,1.1,22.700156358677,5.79620786611378,74.4662205205551,-334.615558593851,0.205836541201504
941.0,33330,0.9,22.700156358677,8.80717127776705,61.202155885589,-275.000976499696,0.168918554385748
941.0,33330,0.92,22.700156358677,8.64045545679613,61.9365817562161,-278.301704577099,0.172672300038764
941.0,33330,0.94,22.700156358677,8.18970527417122,63.9222517027256,-287.225947182787,0.176426045691781
941.0,33330,0.96,22.700156358677,8.02768219482767,64.6360048451422,-290.433802647976,0.180179791344798
941.0,33330,0.98,22.700156358677,7.57223927057492,66.6423475198642,-299.451055992703,0.183933536997814
941.0,33330,1.0,22.700156358677,7.26350626877708,68.0023954284322,-305.563660097839,0.187687282650831
941.0,33330,1.02,22.700156358677,6.95477326697929,69.3624433369999,-311.676296271913,0.191441028303848
941.0,33330,1.04,22.700156358677,6.64604026518103,70.7224912455697,-317.788963749227,0.195194773956864
941.0,33330,1.06,22.700156358677,6.49929946942653,71.368922016512,-320.69432536142,0.198948519609881
941.0,33330,1.08,22.700156358677,6.03024141979475,73.4352428040007,-329.981380857763,0.202702265262897
941.0,33330,1.1,22.700156358677,5.7198412597871,74.8026349712753,-336.127146691838,0.206456010915914
941.2,31330,0.9,22.700156358677,9.98052936337958,56.0332131387959,-251.79453463959,0.158748046514371
941.2,31330,0.92,22.700156358677,9.82789383943594,56.7056116964618,-254.816671425085,0.162275780881357
941.2,31330,0.94,22.700156358677,9.41521260803323,58.523578167186,-262.987678951997,0.165803515248343
941.2,31330,0.96,22.700156358677,9.26687349143019,59.1770499506362,-265.92478017433,0.169331249615329
941.2,31330,0.98,22.700156358677,8.84989585268649,61.0139431955777,-274.180943550583,0.172858983982315
941.2,31330,1.0,22.700156358677,8.56723747501326,62.259125709773,-279.777619225347,0.176386718349301
941.2,31330,1.02,22.700156358677,8.28457909734005,63.5043082239682,-285.374322935927,0.179914452716288
941.2,31330,1.04,22.700156358677,8.00192071966656,64.7494907381646,-290.971054047702,0.183442187083274
941.2,31330,1.06,22.700156358677,7.86757319275864,65.3413259871608,-293.631189774175,0.18696992145026
941.2,31330,1.08,22.700156358677,7.43813031955967,67.2331317809779,-302.134373322017,0.190497655817246
941.2,31330,1.1,22.700156358677,7.15394558664696,68.48503828075,-307.761405711487,0.194025390184232
941.2,31430,0.9,22.700156358677,9.91957879332621,56.3017160032269,-253.000961468449,0.159254773787506
941.2,31430,0.92,22.700156358677,9.76621186254221,56.9773365952648,-256.037581000406,0.162793768760561
941.2,31430,0.94,22.700156358677,9.35155312375537,58.8040144922579,-264.247745923437,0.166332763733617
941.2,31430,0.96,22.700156358677,9.20250318805987,59.4606176157801,-267.198922470434,0.169871758706673
941.2,31430,0.98,22.700156358677,8.78352745418414,61.3063129812906,-275.494651563428,0.173410753679728
941.2,31430,1.0,22.700156358677,8.49951461939848,62.5574622258071,-281.11814807792,0.176949748652784
941.2,31430,1.02,22.700156358677,8.21550178461296,63.8086114703231,-286.741672831804,0.18048874362584
941.2,31430,1.04,22.700156358677,7.93148894982746,65.0597607148389,-292.365225184024,0.184027738598895
941.2,31430,1.06,22.700156358677,7.79649764945388,65.6544319507574,-295.038109113336,0.187566733571951
941.2,31430,1.08,22.700156358677,7.36499694956421,67.5553029979505,-303.582042668677,0.191105728545007
941.2,31430,1.1,22.700156358677,7.07945044547072,68.8132084483875,-309.236041690746,0.194644723518062
941.2,31530,0.9,22.700156358677,9.85853115424997,56.5706464815534,-254.209309647709,0.159761501255265
941.2,31530,0.92,22.700156358677,9.70443165179697,57.2494942393315,-257.260435010282,0.163311756838715
941.2,31530,0.94,22.700156358677,9.28779225627541,59.0848974362892,-265.509819742874,0.166862012422165
941.2,31530,0.96,22.700156358677,9.13803036944699,59.7446368868114,-268.475094049453,0.170412268005616
941.2,31530,0.98,22.700156358677,8.71705335830095,61.5991483910246,-276.810451923844,0.173962523589066
941.2,31530,1.0,22.700156358677,8.43168390931361,62.8562738683927,-282.460812028424,0.177512779172516
941.2,31530,1.02,22.700156358677,8.14631446032671,64.113399345759,-288.11120057642,0.181063034755967
941.2,31530,1.04,22.700156358677,7.86094501133936,65.3705248231272,-293.76161692014,0.184613290339417
941.2,31530,1.06,22.700156358677,7.72530891223562,65.9680365625206,-296.447269372004,0.188163545922867
941.2,31530,1.08,22.700156358677,7.29174710838889,67.8779873002872,-305.032017887267,0.191713801506318
941.2,31530,1.1,22.700156358677,7.00483666437732,69.1419012552318,-310.713026524762,0.195264057089768
941.2,31630,0.9,22.700156358677,9.797386600065,56.8400038957441,-255.41957613835,0.160268228917644
941.2,31630,0.92,22.700156358677,9.6425533629618,57.5220839424924,-258.485230379212,0.163829745115814
941.2,31630,0.94,22.700156358677,9.22393016634899,59.3662262911101,-266.773897236218,0.167391261313984
941.2,31630,0.96,22.700156358677,9.07345519814196,60.0291070476539,-269.753291701801,0.170952777512154
941.2,31630,0.98,22.700156358677,8.65047373263299,61.8924486864761,-278.128341322461,0.174514293710324
941.2,31630,1.0,22.700156358677,8.36374551577487,63.1555598841597,-283.805607699935,0.178075809908493
941.2,31630,1.02,22.700156358677,8.077017298917,64.4186710818421,-289.48290272512,0.181637326106663
941.2,31630,1.04,22.700156358677,7.79028908205871,65.6817822795264,-295.160225743818,0.185198842304833
941.2,31630,1.06,22.700156358677,7.65400716058624,66.2821390317845,-297.858667005803,0.188760358503003
941.2,31630,1.08,22.700156358677,7.21838098071388,68.2011838744243,-306.484295330863,0.192321874701173
941.2,31630,1.1,22.700156358677,6.93010443148459,69.4711158725759,-312.192356498478,0.195883390899343
941.2,31730,0.9,22.700156358677,9.73614528395584,57.1097875709818,-256.631757915902,0.160774956774638
941.2,31730,0.92,22.700156358677,9.58057715105938,57.7951050218327,-259.711964046393,0.164347733591853
941.2,31730,0.94,22.700156358677,9.1599670139682,59.6480003519145,-268.039975244402,0.167920510409067
941.2,31730,0.96,22.700156358677,9.00877783592368,60.3140273856302,-271.033512233144,0.171493287226281
941.2,31730,0.98,22.700156358677,8.5837887439808,62.1862131328461,-279.448316465763,0.175066064043495
941.2,31730,1.0,22.700156358677,8.29569960898715,63.4553195233117,-285.152531731618,0.178638840860709
941.2,31730,1.02,22.700156358677,8.00761047399333,64.724425913778,-290.856775849845,0.182211617677923
941.2,31730,1.04,22.700156358677,7.71952133899976,65.9935323042433,-296.561048159751,0.185784394495138
941.2,31730,1.06,22.700156358677,7.58259257313718,66.596738571632,-299.272298487394,0.189357171312352
941.2,31730,1.08,22.700156358677,7.14489875034104,68.5248919106676,-307.938871369697,0.192929948129566
941.2,31730,1.1,22.700156358677,6.85525393401812,69.8008514756431,-313.674027914597,0.19650272494678
941.2,31830,0.9,22.700156358677,9.67480735838237,57.3799968356419,-257.845851970285,0.161281684826243
941.2,31830,0.92,22.700156358677,9.51850317037865,58.0685567976704,-260.940632965565,0.164865722266826
941.2,31830,0.94,22.700156358677,9.09590295836908,59.9302189172269,-269.308050623459,0.168449759707409
941.2,31830,0.96,22.700156358677,8.94399844380566,60.5993971914345,-272.315752464315,0.172033797147992
941.2,31830,0.98,22.700156358677,8.51699855835605,62.4804409988107,-280.770374075793,0.175617834588575
941.2,31830,1.0,22.700156358677,8.2275463583493,63.7555520396036,-286.501580778506,0.179201872029159
941.2,31830,1.02,22.700156358677,7.93809415834312,65.030663080394,-292.23281653871,0.182785909469742
941.2,31830,1.04,22.700156358677,7.64864195833629,66.3057741211873,-297.964080688926,0.186369946910325
941.2,31830,1.06,22.700156358677,7.51106532767331,66.9118343988752,-300.688160306003,0.189953984350908
941.2,31830,1.08,22.700156358677,7.07130060020329,68.8491106031509,-309.395742391274,0.193538021791491
941.2,31830,1.1,22.700156358677,6.78028535831671,70.1311072435632,-315.158037093257,0.197122059232074
941.2,31930,0.9,22.700156358677,9.61337297508326,57.6506310212766,-259.061855305375,0.161788413072452
941.2,31930,0.92,22.700156358677,9.4563315744801,58.3424385935321,-262.171234104734,0.165383711140729
941.2,31930,0.94,22.700156358677,9.03173815803468,60.2128812888888,-270.578120244083,0.168979009209006
941.2,31930,0.96,22.700156358677,8.87911718204124,60.8852157591097,-273.600009231114,0.172574307277282
941.2,31930,0.98,22.700156358677,8.45010334098606,62.7751315565011,-282.09451088996,0.176169605345559
941.2,31930,1.0,22.700156358677,8.15928593246169,64.0562566903075,-287.852751511501,0.179764903413836
941.2,31930,1.02,22.700156358677,7.86846852393756,65.3373818241129,-293.611021395839,0.183360201482112
941.2,31930,1.04,22.700156358677,7.57765111541318,66.6185069579194,-299.369319868975,0.186955499550389
941.2,31930,1.06,22.700156358677,7.43942560114162,67.2274257340173,-302.106248967526,0.190550797618666
941.2,31930,1.08,22.700156358677,6.99758671237054,69.1738391498094,-310.854904800198,0.194146095686943
941.2,31930,1.1,22.700156358677,6.70519888984044,70.4618823593371,-316.64438037195,0.197741393755219
941.2,32030,0.9,22.700156358677,9.55184228508606,57.9216894625709,-260.279764939498,0.162295141513262
941.2,32030,0.92,22.700156358677,9.39406251620288,58.6167497361222,-263.403764446301,0.165901700213556
941.2,32030,0.94,22.700156358677,8.9674727707041,60.4959867720192,-271.850180991845,0.169508258913851
941.2,32030,0.96,22.700156358677,8.81413421013036,61.171482386018,-274.886279384243,0.173114817614146
941.2,32030,0.98,22.700156358677,8.3831032563222,63.0702840814671,-283.420723661218,0.17672137631444
941.2,32030,1.0,22.700156358677,8.09091849913169,64.3574327361891,-289.206040617122,0.180327935014735
941.2,32030,1.02,22.700156358677,7.79873374194071,65.6445813909132,-294.991387041503,0.18393449371503
941.2,32030,1.04,22.700156358677,7.50654898474966,66.9317300456377,-300.776762253685,0.187541052415325
941.2,32030,1.06,22.700156358677,7.36767356965676,67.5435118012281,-303.526560994226,0.191147611115619
941.2,32030,1.08,22.700156358677,6.92375726805674,69.4990767523495,-312.316355017971,0.194754169815914
941.2,32030,1.1,22.700156358677,6.62999471317701,70.7931760098087,-318.13305410549,0.198360728516209
941.2,32130,0.9,22.700156358677,9.49021543870886,58.1931714973352,-261.499577904768,0.162801870148666
941.2,32130,0.92,22.700156358677,9.33169614766902,58.8914895553042,-264.638220986781,0.166419689485303
941.2,32130,0.94,22.700156358677,8.90310695337667,60.7795346749957,-273.124229766894,0.17003750882194
941.2,32130,0.96,22.700156358677,8.74904968682558,61.4581963728135,-276.174559789248,0.173655328158577
941.2,32130,0.98,22.700156358677,8.31599846804464,63.3658978526556,-284.749009157661,0.177273147495214
941.2,32130,1.0,22.700156358677,8.0224442253788,64.6590794414847,-290.561444797395,0.180890966831851
941.2,32130,1.02,22.700156358677,7.72888998271294,65.9522610303139,-296.37391011166,0.184508786168488
941.2,32130,1.04,22.700156358677,7.435335740047,67.2454426191435,-302.186404413131,0.188126605505125
941.2,32130,1.06,22.700156358677,7.29580940850771,67.860091828315,-304.949092924761,0.191744424841763
941.2,32130,1.08,22.700156358677,6.84981244762541,69.8248226162235,-313.780089482821,0.1953622441784
941.2,32130,1.1,22.700156358677,6.55467301204891,71.1249873856334,-319.624054665684,0.198980063515037
941.2,32230,0.9,22.700156358677,9.42849258556688,58.465076466476,-262.721291247164,0.163308598978661
941.2,32230,0.92,22.700156358677,9.26923262028955,59.1666573840738,-265.874600736723,0.166937678955965
941.2,32230,0.94,22.700156358677,8.83864086231743,61.063524309431,-274.400263483868,0.170566758933268
941.2,32230,0.96,22.700156358677,8.68386377013679,61.7453570234223,-277.464847326255,0.174195838910572
941.2,32230,0.98,22.700156358677,8.2487891390683,63.6619721523845,-286.079364162524,0.177824918887875
941.2,32230,1.0,22.700156358677,7.95386327744337,64.9611960738629,-291.918960769842,0.181453998865179
941.2,32230,1.02,22.700156358677,7.65893741581899,66.2604199953389,-297.758587258156,0.185083078842483
941.2,32230,1.04,22.700156358677,7.36401155419439,67.5596439168158,-303.598242933271,0.188712158819786
941.2,32230,1.06,22.700156358677,7.22383329216391,68.1771650466952,-306.37384131389,0.19234123879709
941.2,32230,1.08,22.700156358677,6.77575243059761,70.1510759505953,-315.246104649692,0.195970318774393
941.2,32230,1.1,22.700156358677,6.47923396932017,71.4573156812485,-321.117378441392,0.199599398751697
941.2,32330,0.9,22.700156358677,9.3666738745797,58.7374037139645,-263.944902026614,0.163815328003241
941.2,32330,0.92,22.700156358677,9.20667208477042,59.4422525585326,-267.112900720677,0.167455668625535
941.2,32330,0.94,22.700156358677,8.7740746530643,61.3479549901406,-275.678279071831,0.171096009247829
941.2,32330,0.96,22.700156358677,8.61857661733843,62.0329636450102,-278.757138889971,0.174736349870124
941.2,32330,0.98,22.700156358677,8.18147543154851,63.9585062663184,-287.41178547396,0.178376690492418
941.2,32330,1.0,22.700156358677,7.88517582079106,65.2637819044052,-293.278585267334,0.182017031114712
941.2,32330,1.02,22.700156358677,7.58887621003299,66.5690575424949,-299.145415148311,0.185657371737006
941.2,32330,1.04,22.700156358677,7.29257659927561,67.8743331805815,-305.012274416087,0.189297712359301
941.2,32330,1.06,22.700156358677,7.15174539428253,68.4947306913645,-307.800802732527,0.192938052981595
941.2,32330,1.08,22.700156358677,6.70157739565809,70.4778359683128,-316.714396990014,0.196578393603889
941.2,32330,1.1,22.700156358677,6.40367776700242,71.790160094846,-322.613021838291,0.200218734226183
941.2,32430,0.9,22.700156358677,9.30475945397374,59.0101525868254,-265.170407316543,0.164322057222401
941.2,32430,0.92,22.700156358677,9.14401469111744,59.7182744178667,-268.353117976975,0.16797365849401
941.2,32430,0.94,22.700156358677,8.70940848043152,61.6328260351282,-276.958273474033,0.171625259765619
941.2,32430,0.96,22.700156358677,8.55318838497404,62.3210155479628,-280.051431389613,0.175276861037228
941.2,32430,0.98,22.700156358677,8.11405750688902,64.2554994834321,-288.746269905156,0.178928462308837
941.2,32430,1.0,22.700156358677,7.81638202011795,65.5668362075833,-294.640315037801,0.182580063580446
941.2,32430,1.02,22.700156358677,7.51870653334671,66.8781729317352,-300.534390465111,0.186231664852054
941.2,32430,1.04,22.700156358677,7.22103104657557,68.1895096558867,-306.42849547938,0.189883266123663
941.2,32430,1.06,22.700156358677,7.07954588771323,68.812788000876,-309.229973767422,0.193534867395272
941.2,32430,1.08,22.700156358677,6.62728752066172,70.8051018858798,-318.184962991691,0.197186468666881
941.2,32430,1.1,22.700156358677,6.32800458626216,72.1235198283411,-324.110981278734,0.20083806993849
941.2,32530,0.9,22.700156358677,9.24274947129055,59.2833224351005,-266.397804204112,0.164828786636136
941.2,32530,0.92,22.700156358677,9.08126058864181,59.9947223043221,-269.595249557682,0.168491648561384
941.2,32530,0.94,22.700156358677,8.64464249851767,61.9181367655501,-278.240243648015,0.172154510486631
941.2,32530,0.96,22.700156358677,8.48769922886235,62.6095120458588,-281.3477217486,0.175817372411879
941.2,32530,0.98,22.700156358677,8.04653552574488,64.5529510959992,-290.082814283985,0.179480234337126
941.2,32530,1.0,22.700156358677,7.74748203935866,65.870358261223,-296.004146844362,0.183143096262374
941.2,32530,1.02,22.700156358677,7.44842855297227,67.1877654264476,-301.925509906728,0.186805958187621
941.2,32530,1.04,22.700156358677,7.14937506658578,68.5051725916726,-307.846902756567,0.190468820112869
941.2,32530,1.06,22.700156358677,7.00723494450609,69.1313362173049,-310.661351021201,0.194131682038116
941.2,32530,1.08,22.700156358677,6.55288298263952,71.1328729234294,-319.657799158799,0.197794543963363
941.2,32530,1.1,22.700156358677,6.25221460742661,72.4573940873463,-325.611253201617,0.201457405888611
941.2,32630,0.9,22.700156358677,9.1806440733889,59.5569126118391,-267.627089789758,0.165335516244442
941.2,32630,0.92,22.700156358677,9.01840992596564,60.2715955631803,-270.839292528569,0.169009638827651
941.2,32630,0.94,22.700156358677,8.57977686070922,62.2038865056995,-279.524186565311,0.172683761410861
941.2,32630,0.96,22.700156358677,8.42210930410232,62.8984524554474,-282.646006904612,0.176357883994071
941.2,32630,0.98,22.700156358677,7.97890964802996,64.8508603995582,-291.421415452938,0.180032006577281
941.2,32630,1.0,22.700156358677,7.67847604169014,66.1743473464882,-297.370077464981,0.183706129160491
941.2,32630,1.02,22.700156358677,7.37804243535054,67.4978342934174,-303.318770186685,0.187380251743701
941.2,32630,1.04,22.700156358677,7.07760882901066,68.8213212403478,-309.267492896616,0.19105437432691
941.2,32630,1.06,22.700156358677,6.93481273591755,69.4503745862228,-312.094931112254,0.19472849691012
941.2,32630,1.08,22.700156358677,6.47836395780546,71.4611483046938,-321.132902011621,0.19840261949333
941.2,32630,1.1,22.700156358677,6.17630800999139,72.7917820811373,-327.113834062373,0.20207674207654
941.2,32730,0.9,22.700156358677,9.11844340645316,59.8309224730618,-268.858261187434,0.165842246047312
941.2,32730,0.92,22.700156358677,8.95546285102649,60.5488935427384,-272.085243968795,0.169527629292808
941.2,32730,0.94,22.700156358677,8.51481171968783,62.4900745829749,-280.810099211448,0.173213012538304
941.2,32730,0.96,22.700156358677,8.35641876508052,63.1878360966164,-283.946283809525,0.1768983957838
941.2,32730,0.98,22.700156358677,7.91118003292208,65.1492266928898,-292.762070269102,0.180583779029296
941.2,32730,1.0,22.700156358677,7.60936418953959,66.4788027478456,-298.738103692588,0.184269162274791
941.2,32730,1.02,22.700156358677,7.3075483461567,67.8083788028031,-304.714168033622,0.187954545520287
941.2,32730,1.04,22.700156358677,7.00573250277393,69.1379548577601,-310.690262563973,0.191639928765783
941.2,32730,1.06,22.700156358677,6.86227943241401,69.7699023566816,-313.53071067438,0.195325312011279
941.2,32730,1.08,22.700156358677,6.40373062156267,71.7899272569773,-322.610268086478,0.199010695256775
941.2,32730,1.1,22.700156358677,6.10028497262584,73.1266830226302,-328.618720332722,0.202696078502271
941.2,32830,0.9,22.700156358677,9.05614761599662,60.1053513777452,-270.091315524283,0.166348976044743
941.2,32830,0.92,22.700156358677,8.89241951108435,60.8266155942786,-273.333100971055,0.170045619956849
941.2,32830,0.94,22.700156358677,8.44974722743306,62.7767003278671,-282.097978585726,0.173742263868954
941.2,32830,0.96,22.700156358677,8.29062776547394,63.4776622923793,-285.24854942908,0.177438907781059
941.2,32830,0.98,22.700156358677,7.84334683886939,65.4480492779896,-294.104775604059,0.181135551693165
941.2,32830,1.0,22.700156358677,7.54014664458772,66.7837237530501,-300.108222334727,0.18483219560527
941.2,32830,1.02,22.700156358677,7.23694645030593,68.1193982281111,-306.111700191225,0.188528839517376
941.2,32830,1.04,22.700156358677,6.93374625602401,69.4550727031727,-312.115208438346,0.192225483429481
941.2,32830,1.06,22.700156358677,6.78963520368182,70.0899187811694,-314.968686356983,0.195922127341586
941.2,32830,1.08,22.700156358677,6.32898314850954,72.1192090111294,-324.08989393555,0.199618771253692
941.2,32830,1.1,22.700156358677,6.02414567317878,73.4620961283551,-330.125908500531,0.203315415165797
941.2,32930,0.9,22.700156358677,8.99375684686638,60.3801986878008,-271.326249940561,0.166855706236729
941.2,32930,0.92,22.700156358677,8.82928005272466,61.1047610720544,-274.582860641277,0.170563610819768
941.2,32930,0.94,22.700156358677,8.3845835352305,63.0637630739246,-283.38782170124,0.174271515402806
941.2,32930,0.96,22.700156358677,8.22473645825701,63.7679303688446,-286.552800742991,0.177979419985845
941.2,32930,0.98,22.700156358677,7.7754102235945,65.747327460049,-295.449528343576,0.181687324568883
941.2,32930,1.0,22.700156358677,7.47082356777641,67.0891096531115,-301.480430213616,0.185395229151921
941.2,32930,1.02,22.700156358677,7.16623691195846,68.4308918461735,-307.511363418024,0.18910313373496
941.2,32930,1.04,22.700156358677,6.86165025614046,69.7726740392357,-313.542327214647,0.192811038317998
941.2,32930,1.06,22.700156358677,6.71688021863012,70.4104231155983,-316.408854824698,0.196518942901037
941.2,32930,1.08,22.700156358677,6.25412171244587,72.4489928015175,-325.571776126812,0.200226847484075
941.2,32930,1.1,22.700156358677,5.94789028868643,73.7980206184224,-331.635395069766,0.203934752067114
941.2,33030,0.9,22.700156358677,8.93127124324997,60.6554637680456,-272.563061589695,0.167362436623266
941.2,33030,0.92,22.700156358677,8.76604462186492,61.3833293332618,-275.834520098676,0.171081601881561
941.2,33030,0.94,22.700156358677,8.31932079367548,63.3512621577363,-284.679625584688,0.174800767139855
941.2,33030,0.96,22.700156358677,8.15874499570736,64.0586396551902,-287.859034744784,0.17851993239815
941.2,33030,0.98,22.700156358677,7.70737034410119,66.0470605474262,-296.796325387711,0.182239097656445
941.2,33030,1.0,22.700156358677,7.40139511931376,67.3949597422724,-302.854724165976,0.18595826291474
941.2,33030,1.02,22.700156358677,7.09541989452653,68.7428589371177,-308.913154487396,0.189677428173034
941.2,33030,1.04,22.700156358677,6.78944466973922,70.0907581319633,-314.971615602898,0.193396593431329
941.2,33030,1.06,22.700156358677,6.64401464539781,70.7314146192734,-317.851212757433,0.197115758689624
941.2,33030,1.08,22.700156358677,6.1791464863786,72.7792778660018,-327.05591124385,0.200834923947919
941.2,33030,1.1,22.700156358677,5.87151899537741,74.1344557164997,-333.147176560375,0.204554089206214
941.2,33130,0.9,22.700156358677,8.86869094867913,60.9311459861856,-273.801747638012,0.167869167204347
941.2,33130,0.92,22.700156358677,8.70271336375907,61.6623197380202,-277.088076475483,0.171599593142222
941.2,33130,0.94,22.700156358677,8.25395915267933,63.6391969189045,-285.973387276381,0.175330019080096
941.2,33130,0.96,22.700156358677,8.09265352940884,64.3497894836505,-289.16724844153,0.179060445017971
941.2,33130,0.98,22.700156358677,7.6392273566791,66.3472478516253,-298.145163650612,0.182790870955845
941.2,33130,1.0,22.700156358677,7.33186145867932,67.7012733179842,-304.231101042862,0.186521296893719
941.2,33130,1.02,22.700156358677,7.02449556067943,69.0552987843436,-310.317070187398,0.190251722831594
941.2,33130,1.04,22.700156358677,6.71712966267934,70.4093242507039,-316.403070328097,0.193982148769468
941.2,33130,1.06,22.700156358677,6.57103865136007,71.0528925548641,-319.295756850166,0.197712574707343
941.2,33130,1.08,22.700156358677,6.10405764252865,73.1100634459048,-328.54229588589,0.201443000645217
941.2,33130,1.1,22.700156358677,5.79503196867947,74.471400649783,-334.661249508101,0.205173426583091
941.2,33230,0.9,22.700156358677,8.80601610603463,61.2072447127943,-275.042305264656,0.168375897979969
941.2,33230,0.92,22.700156358677,8.63928642300273,61.9417316493487,-278.343526917002,0.172117584601747
941.2,33230,0.94,22.700156358677,8.18849876147254,63.9275667000305,-287.269103829916,0.175859271223524
941.2,33230,0.96,22.700156358677,8.02646221025953,64.6413791894809,-290.477438854026,0.179600957845301
941.2,33230,0.98,22.700156358677,7.5709814169105,66.6478886872665,-299.49604006046,0.183342644467078
941.2,33230,1.0,22.700156358677,7.26222274462967,68.0080496808837,-305.609557709708,0.187084331088855
941.2,33230,1.02,22.700156358677,6.95346407234868,69.3682106745016,-311.723107320603,0.190826017710632
941.2,33230,1.04,22.700156358677,6.6447054000677,70.7283716681194,-317.836688130028,0.194567704332409
941.2,33230,1.06,22.700156358677,6.49795240313245,71.3748561883864,-320.742483812895,0.198309390954186
941.2,33230,1.08,22.700156358677,6.0288553523362,73.4413487859889,-330.0309266675,0.202051077575963
941.2,33230,1.1,22.700156358677,5.71842938322498,74.8088546489718,-336.177610464403,0.205792764197741
941.2,33330,0.9,22.700156358677,8.74324685755153,61.48375932129,-276.284731661511,0.168882628950127
941.2,33330,0.92,22.700156358677,8.57576394353804,62.2215644331454,-279.600868581457,0.17263557626013
941.2,33330,0.94,22.700156358677,8.12293976861245,64.2163708466814,-288.566772312319,0.176388523570133
941.2,33330,0.96,22.700156358677,7.96017118847499,64.9334081109434,-291.78960301647,0.180141470880135
941.2,33330,0.98,22.700156358677,7.50263267967352,66.9489823720722,-300.848951559284,0.183894418190138
941.2,33330,1.0,22.700156358677,7.19247913520421,68.3152881347668,-306.990091046026,0.187647365500141
941.2,33330,1.02,22.700156358677,6.8823255907347,69.6815938974624,-313.131262704096,0.191400312810144
941.2,33330,1.04,22.700156358677,6.57217204626507,71.0478996601585,-319.272465763253,0.195153260120147
941.2,33330,1.06,22.700156358677,6.42475606657895,71.6973047891667,-322.1913903705,0.198906207430149
941.2,33330,1.08,22.700156358677,5.95353978646649,73.7731331344298,-331.521800218585,0.202659154740152
941.2,33330,1.1,22.700156358677,5.64171141285695,75.1468169482434,-337.696255996327,0.206412102050155
941.4,31330,0.9,22.700156358677,9.92202937597535,56.2909205593083,-252.96943009193,0.158714293081294
941.4,31330,0.92,22.700156358677,9.76869185218273,56.9664116060209,-256.005668914831,0.162241277371989
941.4,31330,0.94,22.700156358677,9.35411262118874,58.7927392508326,-264.214804342303,0.165768261662684
941.4,31330,0.96,22.700156358677,9.2050912647328,59.4492164754883,-267.165610775237,0.16929524595338
941.4,31330,0.98,22.700156358677,8.78619586640182,61.2945579423582,-275.460299321821,0.172822230244075
941.4,31330,1.0,22.700156358677,8.50223748900869,62.5454672881195,-281.083090341925,0.176349214534771
941.4,31330,1.02,22.700156358677,8.21827911161502,63.7963766338832,-286.705909495385,0.179876198825466
941.4,31330,1.04,22.700156358677,7.93432073422188,65.0472859796447,-292.328756143714,0.183403183116161
941.4,31330,1.06,22.700156358677,7.79935531744675,65.6418431916858,-295.001304616372,0.186930167406857
941.4,31330,1.08,22.700156358677,7.36793735467297,67.5423497607028,-303.54416573169,0.190457151697552
941.4,31330,1.1,22.700156358677,7.08244560204165,68.8000140169324,-309.197454941353,0.193984135988248
941.4,31430,0.9,22.700156358677,9.86079849327813,56.5606582726956,-254.181487120985,0.159220912524778
941.4,31430,0.92,22.700156358677,9.70672619889348,57.2393861719673,-257.232276277316,0.162759155025329
941.4,31430,0.94,22.700156358677,9.29016036592714,59.0744653070373,-265.480751836533,0.166297397525879
941.4,31430,0.96,22.700156358677,9.1404249213102,59.7340882728487,-268.445699279019,0.16983564002643
941.4,31430,0.98,22.700156358677,8.71952223857621,61.5882723413787,-276.780138181575,0.173373882526981
941.4,31430,1.0,22.700156358677,8.43420317490044,62.8451758585508,-282.429875203846,0.176912125027531
941.4,31430,1.02,22.700156358677,8.14888411122505,64.1020793757212,-288.079640563432,0.180450367528082
941.4,31430,1.04,22.700156358677,7.8635650475497,65.3589828928914,-293.729433615188,0.183988610028632
941.4,31430,1.06,22.700156358677,7.72795289658458,65.9563891346034,-296.41478978073,0.187526852529183
941.4,31430,1.08,22.700156358677,7.29446764314249,67.8660026482407,-304.998591064269,0.191065095029734
941.4,31430,1.1,22.700156358677,7.00760785652295,69.1296934444051,-310.678972745991,0.194603337530284
941.4,31530,0.9,22.700156358677,9.79947009522058,56.830825566209,-255.395474472709,0.159727532162287
941.4,31530,0.92,22.700156358677,9.64466186005925,57.5127954730028,-258.46083715432,0.163277032877004
941.4,31530,0.94,22.700156358677,9.22610626128882,59.3566400358198,-266.748715549998,0.166826533591722
941.4,31530,0.96,22.700156358677,9.07565559126559,60.0194137526437,-269.727826541687,0.170376034306439
941.4,31530,0.98,22.700156358677,8.65274242735761,61.8824545054283,-278.102079158991,0.173925535021157
941.4,31530,1.0,22.700156358677,8.36606051039186,63.1453617402332,-283.778805133345,0.177475035735874
941.4,31530,1.02,22.700156358677,8.07937859342626,64.4082689750374,-289.455559649211,0.181024536450592
941.4,31530,1.04,22.700156358677,7.79269667646059,65.6711762098419,-295.132342054924,0.184574037165309
941.4,31530,1.06,22.700156358677,7.65643676132687,66.2714360185442,-297.830526327886,0.188123537880027
941.4,31530,1.08,22.700156358677,7.22088092488074,68.1901709803836,-306.455333035081,0.191673038594744
941.4,31530,1.1,22.700156358677,6.93265092556324,69.459897914257,-312.162850372151,0.195222539309462
941.4,31630,0.9,22.700156358677,9.73804433642527,57.1014217586966,-256.611389093908,0.160234151993815
941.4,31630,0.92,22.700156358677,9.58249899215807,57.7866388198017,-259.691348455975,0.163794910927011
941.4,31630,0.94,22.700156358677,9.1619504687694,59.6392627257508,-268.01869229378,0.167355669860207
941.4,31630,0.96,22.700156358677,9.0107834378967,60.3051921955049,-271.01198933854,0.170916428793403
941.4,31630,0.98,22.700156358677,8.58585660111388,62.1771036928035,-279.426118929348,0.174477187726599
941.4,31630,1.0,22.700156358677,8.29780966728618,63.4460241763296,-285.129876737685,0.178037946659794
941.4,31630,1.02,22.700156358677,8.00976273345835,64.7149446598562,-290.833663292115,0.18159870559299
941.4,31630,1.04,22.700156358677,7.72171579963068,65.9838651433822,-296.537477934395,0.185159464526186
941.4,31630,1.06,22.700156358677,7.58480709198214,66.5869830492032,-299.248510696949,0.188720223459382
941.4,31630,1.08,22.700156358677,7.14717738541747,68.5148539398254,-307.914387980123,0.192280982392578
941.4,31630,1.1,22.700156358677,6.8575749981469,69.7906265939634,-313.649084087566,0.195841741325774
941.4,31730,0.9,22.700156358677,9.67652137078123,57.3724461722378,-257.829227945947,0.160740772019357
941.4,31730,0.92,22.700156358677,9.52023775092662,58.060915526304,-260.923807107271,0.164312789175343
941.4,31730,0.94,22.700156358677,9.09769314909676,59.9223326687826,-269.290678894029,0.167884806331329
941.4,31730,0.96,22.700156358677,8.94580862372691,60.5914228854753,-272.298184460399,0.171456823487315
941.4,31730,0.98,22.700156358677,8.51886492741269,62.4722191653257,-280.75225418367,0.1750288406433
941.4,31730,1.0,22.700156358677,8.22945081657054,63.7471624135977,-286.483086640292,0.178600857799286
941.4,31730,1.02,22.700156358677,7.94003670572839,65.0221056618698,-292.213948047937,0.182172874955272
941.4,31730,1.04,22.700156358677,7.65062259488624,66.2970489101418,-297.944837741784,0.185744892111258
941.4,31730,1.06,22.700156358677,7.51306406800326,66.9030294360442,-300.668739344034,0.189316909267243
941.4,31730,1.08,22.700156358677,7.07335720940072,68.8400507131442,-309.375752252747,0.192888926423229
941.4,31730,1.1,22.700156358677,6.78238026235986,70.1218786549577,-315.137670177493,0.196460943579215
941.4,31830,0.9,22.700156358677,9.61490135144943,57.6438981321193,-259.048988004673,0.161247392238909
941.4,31830,0.92,22.700156358677,9.45787829136259,58.3356249097052,-262.158210047595,0.164830667621996
941.4,31830,0.94,22.700156358677,9.03333446223904,60.2058491602147,-270.564672192065,0.168413943005083
941.4,31830,0.96,22.700156358677,8.88073131051051,60.8781051099857,-273.586408713192,0.17199721838817
941.4,31830,0.98,22.700156358677,8.45176757302916,62.7678001883079,-282.080481628646,0.175580493771257
941.4,31830,1.0,22.700156358677,8.16098412842413,64.0487757023549,-287.838431480596,0.179163769154344
941.4,31830,1.02,22.700156358677,7.87020068381895,65.3297512164025,-293.596410488881,0.182747044537431
941.4,31830,1.04,22.700156358677,7.57941723921382,66.6107267304499,-299.354417981979,0.186330319920518
941.4,31830,1.06,22.700156358677,7.44120786799312,67.2195743922761,-302.091208741977,0.189913595303604
941.4,31830,1.08,22.700156358677,6.99942058060453,69.1657604907684,-310.839422223537,0.193496870686691
941.4,31830,1.1,22.700156358677,6.70706690539866,70.4536532725911,-316.628604944964,0.197080146069778
941.4,31930,0.9,22.700156358677,9.55318443086778,57.9157769668131,-260.270666260077,0.161754012652466
941.4,31930,0.92,22.700156358677,9.39542076773378,58.6107662904161,-263.394554230862,0.165348546266965
941.4,31930,0.94,22.700156358677,8.96887456740929,60.4898114986728,-271.84066904401,0.168943079881464
941.4,31930,0.96,22.700156358677,8.8155516592378,61.1652381598327,-274.876658917925,0.172537613495963
941.4,31930,0.98,22.700156358677,8.38456470395107,63.0638460305313,-283.410797986534,0.176132147110463
941.4,31930,1.0,22.700156358677,8.09240977222197,64.3508632964605,-289.195907913919,0.179726680724962
941.4,31930,1.02,22.700156358677,7.80025484049303,65.637880562389,-294.981047203249,0.183321214339461
941.4,31930,1.04,22.700156358677,7.50809990876399,66.924897828318,-300.766215176355,0.18691574795396
941.4,31930,1.06,22.700156358677,7.36923866971279,67.5366171348157,-303.515915380343,0.19051028156846
941.4,31930,1.08,22.700156358677,6.92536768193694,69.4919824669412,-312.305394280287,0.194104815182959
941.4,31930,1.1,22.700156358677,6.63163511357664,70.7859496261058,-318.121884710342,0.197699348797458
941.4,32030,0.9,22.700156358677,9.49137076075739,58.1880820079489,-261.494259716408,0.162260633260021
941.4,32030,0.92,22.700156358677,9.33286533358208,58.8863389920455,-264.632836625347,0.165866425110244
941.4,32030,0.94,22.700156358677,8.90431362307194,60.7742189860806,-273.118666320859,0.169472216960467
941.4,32030,0.96,22.700156358677,8.75026983014338,61.4528213291419,-276.168931910665,0.173078008810689
941.4,32030,0.98,22.700156358677,8.31725648538664,63.3603559642116,-284.74319999509,0.176683800660912
941.4,32030,1.0,22.700156358677,8.02372791654385,64.6534244532777,-290.555512611294,0.180289592511135
941.4,32030,1.02,22.700156358677,7.7301993477014,65.9464929423423,-296.367854795437,0.183895384361358
941.4,32030,1.04,22.700156358677,7.43667077885864,67.2395614314083,-302.180225862593,0.18750117621158
941.4,32030,1.06,22.700156358677,7.2971566500878,67.8541568842608,-304.942855765185,0.191106968061803
941.4,32030,1.08,22.700156358677,6.85119869544495,69.818715839699,-313.773664827748,0.194712759912026
941.4,32030,1.1,22.700156358677,6.55608507233091,71.1187668986038,-319.61750581138,0.198318551762248
941.4,32130,0.9,22.700156358677,9.42946049212864,58.4608125902874,-262.719765391973,0.162767254061571
941.4,32130,0.92,22.700156358677,9.27021214172977,59.1623423413721,-265.873054213566,0.166384304151829
941.4,32130,0.94,22.700156358677,8.83965178694863,61.0590709276338,-274.398660908296,0.170001354242086
941.4,32130,0.96,22.700156358677,8.6848859827095,61.7408539153531,-277.463224542271,0.173618404332343
941.4,32130,0.98,22.700156358677,8.24984308176862,63.6573292649803,-286.077684407265,0.1772354544226
941.4,32130,1.0,22.700156358677,7.95493872917866,64.9564584336533,-291.917242259426,0.180852504512857
941.4,32130,1.02,22.700156358677,7.66003437658852,66.2555876023272,-297.756829885769,0.184469554603114
941.4,32130,1.04,22.700156358677,7.3651300239987,67.5547167709996,-303.59644659473,0.188086604693371
941.4,32130,1.06,22.700156358677,7.22496198521255,68.1721928648705,-306.372026418903,0.191703654783629
941.4,32130,1.08,22.700156358677,6.77691380232277,70.1459598108348,-315.244230287575,0.195320704873886
941.4,32130,1.1,22.700156358677,6.48041696622867,71.4521042770194,-321.115464602946,0.198937754964143
941.4,32230,0.9,22.700156358677,9.36745377528515,58.7339680517024,-263.947180319012,0.163273875057111
941.4,32230,0.92,22.700156358677,9.20746134428442,59.438775668323,-267.115203992091,0.166902183391714
941.4,32230,0.94,22.700156358677,8.77488921602306,61.3443666317791,-275.680649706471,0.170530491726316
941.4,32230,0.96,22.700156358677,8.61940027567306,62.0293352191896,-278.759533678238,0.174158800060918
941.4,32230,0.98,22.700156358677,8.18232465676147,63.9547652118536,-287.414247991268,0.177787108395521
941.4,32230,1.0,22.700156358677,7.88604237713058,65.2599645018913,-293.281093560442,0.181415416730123
941.4,32230,1.02,22.700156358677,7.58976009749931,66.5651637919306,-299.147969110384,0.185043725064726
941.4,32230,1.04,22.700156358677,7.29347781786852,67.8703630819678,-305.014873942798,0.188672033399328
941.4,32230,1.06,22.700156358677,7.15265485035985,68.4907243045231,-307.803423880217,0.192300341733931
941.4,32230,1.08,22.700156358677,6.70251318291674,70.4737135858769,-316.717087098061,0.195928650068533
941.4,32230,1.1,22.700156358677,6.40463097897582,71.7859609520809,-322.615757457019,0.199556958403136
941.4,32330,0.9,22.700156358677,9.30535075983142,59.0075477331481,-265.176501543667,0.163780496246635
941.4,32330,0.92,22.700156358677,9.14461309264506,59.7156383059468,-268.359282971522,0.167420062829894
941.4,32330,0.94,22.700156358677,8.71002606654931,61.6301054101773,-276.964629630204,0.171059629413152
941.4,32330,0.96,22.700156358677,8.55381286703201,62.31826454463,-280.057856198834,0.174699195996411
941.4,32330,0.98,22.700156358677,8.11470137326712,64.2526630872068,-288.752887530336,0.178338762579669
941.4,32330,1.0,22.700156358677,7.81703902662606,65.5639419257214,-294.647063231846,0.181978329162928
941.4,32330,1.02,22.700156358677,7.51937667998519,66.8752207642352,-300.541269121103,0.185617895746187
941.4,32330,1.04,22.700156358677,7.22171433334408,68.18649960275,-306.435504492901,0.189257462329445
941.4,32330,1.06,22.700156358677,7.08023541998566,68.8097504346956,-309.237044703992,0.192897028912704
941.4,32330,1.08,22.700156358677,6.62799701673394,70.8019763740507,-318.192231714218,0.196536595495962
941.4,32330,1.1,22.700156358677,6.3287272934211,72.120336118293,-324.11838076249,0.200176162079221
941.4,32430,0.9,22.700156358677,9.24315159467591,59.2815509786444,-266.407726125668,0.164287117630139
941.4,32430,0.92,22.700156358677,9.08166753750787,59.9929295903882,-269.605288176406,0.167937942466364
941.4,32430,0.94,22.700156358677,8.64506249405367,61.9162865776951,-278.250597608414,0.171588767302589
941.4,32430,0.96,22.700156358677,8.48812391405037,62.6076411988861,-281.35818899877,0.175239592138815
941.4,32430,0.98,22.700156358677,8.04697339343136,64.5510221767462,-290.093599822731,0.17889041697504
941.4,32430,1.0,22.700156358677,7.74792884312016,65.8683899762719,-296.015148006508,0.182541241811265
941.4,32430,1.02,22.700156358677,7.44888429280904,67.1857577757972,-301.936726585284,0.186192066647491
941.4,32430,1.04,22.700156358677,7.14983974249791,68.5031255753226,-307.858334847036,0.189842891483716
941.4,32430,1.06,22.700156358677,7.00770386773497,69.1292704904373,-310.672885461037,0.193493716319941
941.4,32430,1.08,22.700156358677,6.55336548244722,71.1307473882565,-319.669660607424,0.197144541156167
941.4,32430,1.1,22.700156358677,6.25270609156454,72.4552289738987,-325.623330924918,0.200795365992392
941.4,32530,0.9,22.700156358677,9.18085642803859,59.5559771352444,-267.640851138569,0.164793739207617
941.4,32530,0.92,22.700156358677,9.0186248288708,60.2706488608679,-270.853216645045,0.16845582230112
941.4,32530,0.94,22.700156358677,8.57999865334378,62.2029094523654,-279.538550584437,0.172117905394622
941.4,32530,0.96,22.700156358677,8.42233357326365,62.8974644923789,-282.660528987154,0.175779988488125
941.4,32530,0.98,22.700156358677,7.97914087864862,64.8498417694879,-291.436381681486,0.179442071581627
941.4,32530,1.0,22.700156358677,7.67871199130086,66.17330792805,-297.385344632323,0.18310415467513
941.4,32530,1.02,22.700156358677,7.37828310395345,67.4967740866105,-303.334338185753,0.186766237768633
941.4,32530,1.04,22.700156358677,7.07785421660581,68.8202402451719,-309.283361622824,0.190428320862135
941.4,32530,1.06,22.700156358677,6.93506036644977,69.4492837103349,-312.110942738147,0.194090403955638
941.4,32530,1.08,22.700156358677,6.47861875790267,71.4600258450367,-321.14937026557,0.19775248704914
941.4,32530,1.1,22.700156358677,6.1765675545634,72.7906387208542,-327.130604366673,0.201414570142643
941.4,32630,0.9,22.700156358677,9.11846540745445,59.8308255530189,-268.87587366931,0.165300360979065
941.4,32630,0.92,22.700156358677,8.95548511603997,60.5487954596542,-272.103065429452,0.168973702334155
941.4,32630,0.94,22.700156358677,8.51483469851148,62.4899733553741,-280.828485515633,0.172647043689245
941.4,32630,0.96,22.700156358677,8.35644200048483,63.1877337387122,-283.964873087354,0.176320385044336
941.4,32630,0.98,22.700156358677,7.91120398956806,65.1491211577314,-292.781229934352,0.179993726399426
941.4,32630,1.0,22.700156358677,7.60938863509659,66.4786950589089,-298.757649872301,0.183667067754516
941.4,32630,1.02,22.700156358677,7.30757328062516,67.8082689600863,-304.734100620661,0.187340409109607
941.4,32630,1.04,22.700156358677,7.00575792615342,69.1378428612651,-310.71058145367,0.191013750464697
941.4,32630,1.06,22.700156358677,6.86230508817306,69.7697893364951,-313.551213137762,0.194687091819787
941.4,32630,1.08,22.700156358677,6.40375702012431,71.7898109645553,-322.63135719254,0.198360433174878
941.4,32630,1.1,22.700156358677,6.10031186273851,73.1265645648,-328.640197526516,0.202033774529968
941.4,32730,0.9,22.700156358677,9.05597867978076,60.1060955850237,-270.112790818364,0.165806982944477
941.4,32730,0.92,22.700156358677,8.89224854763386,60.8273687320447,-273.354831595195,0.169491582565465
941.4,32730,0.94,22.700156358677,8.44957078294073,62.7774776110256,-282.12039937341,0.173176182186454
941.4,32730,0.96,22.700156358677,8.29044935081022,63.4784482546472,-285.271218236966,0.176860781807442
941.4,32730,0.98,22.700156358677,7.84316288610084,65.448859637027,-294.128141423784,0.18054538142843
941.4,32730,1.0,22.700156358677,7.539958937681,66.7845506500271,-300.132060504304,0.184229981049419
941.4,32730,1.02,22.700156358677,7.23675498926099,68.1202416630281,-306.136010603361,0.187914580670407
941.4,32730,1.04,22.700156358677,6.9335510408413,69.4559326760276,-312.139990988332,0.191599180291396
941.4,32730,1.06,22.700156358677,6.78943820415739,70.0907866145065,-314.993693278088,0.195283779912384
941.4,32730,1.08,22.700156358677,6.32878044532273,72.1201019705594,-324.115617908524,0.198968379533372
941.4,32730,1.1,22.700156358677,6.02393919558149,73.4630057150295,-330.152106859691,0.202652979154361
941.4,32830,0.9,22.700156358677,8.99339639119898,60.3817865872923,-271.351599699354,0.166313605103849
941.4,32830,0.92,22.700156358677,8.82891527158939,61.1063680263392,-274.608512221354,0.170009462995046
941.4,32830,0.94,22.700156358677,8.38420705931098,63.065421546728,-283.414289143129,0.173705320886242
941.4,32830,0.96,22.700156358677,8.2243557786237,63.7696073600833,-286.579561387541,0.177401178777439
941.4,32830,0.98,22.700156358677,7.77501772742329,65.7490565061622,-295.477113006669,0.181097036668636
941.4,32830,1.0,22.700156358677,7.47042306147922,67.0908739858803,-301.508573320967,0.184792894559832
941.4,32830,1.02,22.700156358677,7.1658283955354,68.4326914655973,-307.540064862302,0.188488752451029
941.4,32830,1.04,22.700156358677,6.86123372959145,69.7745089453149,-313.571586891049,0.192184610342225
941.4,32830,1.06,22.700156358677,6.71645988486796,70.4122747934261,-316.438379792745,0.195880468233422
941.4,32830,1.08,22.700156358677,6.25368920889975,72.4508980903591,-325.602148949576,0.199576326124619
941.4,32830,1.1,22.700156358677,5.94744973175949,73.7999613844681,-331.666328837697,0.203272184015815
941.4,32930,0.9,22.700156358677,8.93071868722413,60.6578979187938,-272.592297439324,0.166820227457175
941.4,32930,0.92,22.700156358677,8.76548543516638,61.3857926938207,-275.864104400321,0.17052734362289
941.4,32930,0.94,22.700156358677,8.31874367960375,63.3538044929635,-284.710151823908,0.174234459788605
941.4,32930,0.96,22.700156358677,8.15816143760451,64.0612103780241,-287.889899504743,0.177941575954321
941.4,32930,0.98,22.700156358677,7.70676867198388,66.049711067131,-296.828141554246,0.181648692120036
941.4,32930,1.0,22.700156358677,7.40078116817375,67.3976643542156,-302.887185129696,0.18535580828575
941.4,32930,1.02,22.700156358677,7.09479366436344,68.745617641301,-308.946260140879,0.189062924451466
941.4,32930,1.04,22.700156358677,6.78880616055348,70.0935709283848,-315.005365841273,0.192770040617181
941.4,32930,1.06,22.700156358677,6.64337029999251,70.7342531257362,-317.885269330895,0.196477156782896
941.4,32930,1.08,22.700156358677,6.17848348545403,72.7821985548027,-327.090946867601,0.200184272948611
941.4,32930,1.1,22.700156358677,5.87084364912329,74.1374307896377,-333.182859948114,0.203891389114326
941.4,33030,0.9,22.700156358677,8.86794571270586,60.9344289414283,-273.834881178242,0.167326850004452
941.4,33030,0.92,22.700156358677,8.70195918495417,61.6656420887255,-277.121605237855,0.171045224448995
941.4,33030,0.94,22.700156358677,8.25318079510726,63.642625783269,-286.007984428564,0.174763598893538
941.4,33030,0.96,22.700156358677,8.09186648072923,64.3532566345687,-289.202229567934,0.178481973338082
941.4,33030,0.98,22.700156358677,7.63841587750833,66.3508226251111,-298.181223952053,0.182200347782625
941.4,33030,1.0,22.700156358677,7.33103341870927,67.7049210460305,-304.267892752376,0.185918722227169
941.4,33030,1.02,22.700156358677,7.02365095990993,69.059019466951,-310.354593197424,0.189637096671712
941.4,33030,1.04,22.700156358677,6.71626850111042,70.4131178878723,-316.441324533679,0.193355471116255
941.4,33030,1.06,22.700156358677,6.57016961844302,71.0567208673362,-319.334358556883,0.197073845560799
941.4,33030,1.08,22.700156358677,6.10316344878942,73.1140025982397,-328.582008230288,0.200792220005342
941.4,33030,1.1,22.700156358677,5.79412112471228,74.4754131506345,-334.701696694627,0.204510594449885
941.4,33130,0.9,22.700156358677,8.80507761183698,61.2113790199895,-275.079348069296,0.167833472745673
941.4,33130,0.92,22.700156358677,8.63833666687468,61.9459155682303,-278.381011852812,0.171563105473354
941.4,33130,0.94,22.700156358677,8.18751855642157,63.9318847542125,-287.307783983485,0.175292738201036
941.4,33130,0.96,22.700156358677,8.02547106028049,64.645745458873,-290.516548570324,0.179022370928717
941.4,33130,0.98,22.700156358677,7.56995950100651,66.6523904884341,-299.536357099888,0.182752003656399
941.4,33130,1.0,22.700156358677,7.2611799732989,68.0126433555452,-305.650693025358,0.186481636384081
941.4,33130,1.02,22.700156358677,6.95240044559126,69.3728962226564,-311.765060804881,0.190211269111762
941.4,33130,1.04,22.700156358677,6.64362091788374,70.7331490897671,-317.879459677868,0.193940901839444
941.4,33130,1.06,22.700156358677,6.4968580083644,71.3796772775047,-320.785644150243,0.197670534567125
941.4,33130,1.08,22.700156358677,6.02772927191835,73.446309458506,-330.07532962087,0.201400167294807
941.4,33130,1.1,22.700156358677,5.71728233476126,74.8139076910989,-336.22283559682,0.205129800022489
941.4,33230,0.9,22.700156358677,8.74211452815507,61.4887475221577,-276.32569527838,0.168340095680833
941.4,33230,0.92,22.700156358677,8.57461802618892,62.2266124924231,-279.642321377164,0.172080986695963
941.4,33230,0.94,22.700156358677,8.12175711346512,64.2215807453651,-288.6095475286,0.175821877711092
941.4,33230,0.96,22.700156358677,7.9589753278508,64.9386761831333,-291.83285351877,0.179562768726222
941.4,33230,0.98,22.700156358677,7.50139969877542,66.9544139685714,-300.893537911539,0.183303659741352
941.4,33230,1.0,22.700156358677,7.19122099143042,68.3208305801752,-307.035582799442,0.187044550756481
941.4,33230,1.02,22.700156358677,6.88104228408555,69.6872471917784,-313.17765975098,0.190785441771611
941.4,33230,1.04,22.700156358677,6.57086357674036,71.0536638033831,-319.319767998469,0.19452633278674
941.4,33230,1.06,22.700156358677,6.42343563713938,71.7031216188779,-322.239122805568,0.19826722380187
941.4,33230,1.08,22.700156358677,5.95218112707042,73.7791183768863,-331.570907638162,0.202008114817
941.4,33230,1.1,22.700156358677,5.64032745470559,75.1529136381935,-337.746273189958,0.205749005832129
941.4,33330,0.9,22.700156358677,8.6790566045504,61.7665338184647,-277.573919984353,0.168846718809928
941.4,33330,0.92,22.700156358677,8.51080340750103,62.5077322242856,-280.905530955796,0.172598868116816
941.4,33330,0.94,22.700156358677,8.0558966154782,64.511713099285,-289.913272117184,0.176351017423703
941.4,33330,0.96,22.700156358677,7.89237943434566,65.2320481425722,-293.151141433524,0.18010316673059
941.4,33330,0.98,22.700156358677,7.43273662640597,67.2568923801053,-302.252763314703,0.183855316037478
941.4,33330,1.0,22.700156358677,7.12115663186972,68.6294820205161,-308.422558939552,0.187607465344365
941.4,33330,1.02,22.700156358677,6.80957663733363,70.0020716609262,-314.592386837846,0.191359614651252
941.4,33330,1.04,22.700156358677,6.49799664279759,71.374661301336,-320.762246234895,0.19511176395814
941.4,33330,1.06,22.700156358677,6.34990267139445,72.0270531574236,-323.694791232451,0.198863913265027
941.4,33330,1.08,22.700156358677,5.87651918569569,74.112428598099,-333.068738896284,0.202616062571914
941.4,33330,1.1,22.700156358677,5.56325665918888,75.4924302225682,-339.27200602509,0.206368211878801
941.6,31330,0.9,22.700156358677,9.86328622591766,56.5496991735589,-254.149295668865,0.158680554014097
941.6,31330,0.92,22.700156358677,9.70924378432427,57.2282955636428,-257.199696181218,0.162206788547744
941.6,31330,0.94,22.700156358677,9.2927586644616,59.0630191368285,-265.447120790531,0.165733023081391
941.6,31330,0.96,22.700156358677,9.14305223233565,59.72251429519,-268.411690406873,0.169259257615037
941.6,31330,0.98,22.700156358677,8.72223110300551,61.5763391000984,-276.745067083973,0.172785492148684
941.6,31330,1.0,22.700156358677,8.43696732227753,62.832999081733,-282.394083915687,0.17631172668233
941.6,31330,1.02,22.700156358677,8.15170354154963,64.0896590633673,-288.043128978281,0.179837961215977
941.6,31330,1.04,22.700156358677,7.86643976082164,65.3463190450019,-293.692201629157,0.183364195749624
941.6,31330,1.06,22.700156358677,7.73085388584158,65.9436095342731,-296.377215352474,0.18689043028327
941.6,31330,1.08,22.700156358677,7.29745262378156,67.8528530443705,-304.959921865959,0.190416664816917
941.6,31330,1.1,22.700156358677,7.01064841863749,69.1162989899067,-310.639578957869,0.193942899350563
941.6,31430,0.9,22.700156358677,9.80177386546439,56.8206768685198,-255.367006717713,0.159187065673912
941.6,31430,0.92,22.700156358677,9.64699327554577,57.5025249909423,-258.432025436279,0.162724556022222
941.6,31430,0.94,22.700156358677,9.22851242132145,59.3460402848991,-266.718973685895,0.166262046370531
941.6,31430,0.96,22.700156358677,9.07808861837848,60.0086956453565,-269.697750274549,0.16979953671884
941.6,31430,0.98,22.700156358677,8.65525097717862,61.871403701278,-278.071062727632,0.173337027067149
941.6,31430,1.0,22.700156358677,8.36862025510739,63.1340854094666,-283.74715125343,0.176874517415458
941.6,31430,1.02,22.700156358677,8.08198953303598,64.3967671176561,-289.423268214213,0.180412007763767
941.6,31430,1.04,22.700156358677,7.79535881096453,65.6594488258456,-295.099412960859,0.183949498112077
941.6,31430,1.06,22.700156358677,7.65912322876387,66.2596014417486,-297.797294118714,0.187486988460386
941.6,31430,1.08,22.700156358677,7.22364517272088,68.1779937610003,-306.421131765308,0.191024478808695
941.6,31430,1.1,22.700156358677,6.93546664475047,69.4474939504131,-312.128007700978,0.194561969157004
941.6,31530,0.9,22.700156358677,9.74016354145847,57.0920861180088,-256.586657099404,0.159693577527152
941.6,31530,0.92,22.700156358677,9.58464362765162,57.7771911514259,-259.666317324234,0.163242323694422
941.6,31530,0.94,22.700156358677,9.16416386069285,59.6295121676997,-267.99285221135,0.166791069861692
941.6,31530,0.96,22.700156358677,9.01302154446025,60.2953327631372,-270.985858417002,0.170339816028962
941.6,31530,0.98,22.700156358677,8.58816417992751,62.1669382173892,-279.399170300429,0.173888562196232
941.6,31530,1.0,22.700156358677,8.3001643395448,63.4356512422343,-285.1023736704,0.177437308363502
941.6,31530,1.02,22.700156358677,8.01216449916231,64.7043642670782,-290.805605679899,0.180986054530772
941.6,31530,1.04,22.700156358677,7.72416465877973,65.9730772919226,-296.508865673186,0.184534800698042
941.6,31530,1.06,22.700156358677,7.58727833464564,66.5760965926323,-299.219634775258,0.188083546865312
941.6,31530,1.08,22.700156358677,7.1497201771525,68.5036522912779,-307.884669114757,0.191632293032582
941.6,31530,1.1,22.700156358677,6.86016513763154,69.7792163664578,-313.618807278782,0.195181039199853
941.6,31630,0.9,22.700156358677,9.67845540923337,57.3639262377422,-257.808243746526,0.160200089573811
941.6,31630,0.92,22.700156358677,9.52219499783996,58.0522933525955,-260.902568740842,0.16376009156434
941.6,31630,0.94,22.700156358677,9.09971314481366,59.9134340705307,-269.268753163051,0.167320093554869
941.6,31630,0.96,22.700156358677,8.94785117462979,60.5824249258551,-272.276011594582,0.170880095545399
941.6,31630,0.98,22.700156358677,8.52097088039385,62.4629419033197,-280.729386462108,0.174440097535928
941.6,31630,1.0,22.700156358677,8.23159974818394,63.7376958197142,-286.459747758171,0.178000099526457
941.6,31630,1.02,22.700156358677,7.94222861597415,65.0124497361082,-292.190137898624,0.181560101516986
941.6,31630,1.04,22.700156358677,7.65285748376414,66.2872036525031,-297.920556221065,0.185120103507515
941.6,31630,1.06,22.700156358677,7.51531938462483,66.8930941889652,-300.644233744672,0.188680105498044
941.6,31630,1.08,22.700156358677,7.07567782345844,68.8298278141428,-309.35053023316,0.192240107488573
941.6,31630,1.1,22.700156358677,6.78474408713466,70.1114654016855,-315.111973941575,0.195800109479103
941.6,31730,0.9,22.700156358677,9.61664962338643,57.6361965466792,-259.031763606318,0.160706601813885
941.6,31730,0.92,22.700156358677,9.45964754256306,58.3278309052388,-262.140776596676,0.164277859631971
941.6,31730,0.94,22.700156358677,9.03516043515104,60.1978052820883,-270.546673352374,0.167849117450057
941.6,31730,0.96,22.700156358677,8.88257767215856,60.8699714142575,-273.568206583128,0.171420375268144
941.6,31730,0.98,22.700156358677,8.45367124691638,62.7594140174941,-282.061707888229,0.17499163308623
941.6,31730,1.0,22.700156358677,8.16292665279847,64.0402183851996,-287.819270124373,0.178562890904316
941.6,31730,1.02,22.700156358677,7.87218205868123,65.3210227529022,-293.576861410141,0.182134148722403
941.6,31730,1.04,22.700156358677,7.58143746456347,66.601827120607,-299.334481076403,0.185705406540489
941.6,31730,1.06,22.700156358677,7.44324655897937,67.2105934365768,-302.07108746647,0.189276664358575
941.6,31730,1.08,22.700156358677,7.00151829713672,69.1565195124287,-310.818711456828,0.192847922176662
941.6,31730,1.1,22.700156358677,6.70920368221093,70.4442402237182,-316.607503957373,0.196419179994748
941.6,31830,0.9,22.700156358677,9.5547463377827,57.9088963670048,-260.257213640435,0.161213114247368
941.6,31830,0.92,22.700156358677,9.39700141753193,58.603803123409,-263.380937816872,0.164795627897309
941.6,31830,0.94,22.700156358677,8.97050589240944,60.4826250944279,-271.826609605892,0.168378141547251
941.6,31830,0.96,22.700156358677,8.81720119954363,61.1579715125032,-274.862440173574,0.171960655197192
941.6,31830,0.98,22.700156358677,8.38626544703644,63.0563538218501,-283.396131270105,0.175543168847134
941.6,31830,1.0,22.700156358677,8.09414522434993,64.3432181855611,-289.180937392762,0.179125682497075
941.6,31830,1.02,22.700156358677,7.80202500166328,65.6300825492728,-294.965772770496,0.182708196147017
941.6,31830,1.04,22.700156358677,7.50990477897678,66.9169469129838,-300.750636727637,0.186290709796958
941.6,31830,1.06,22.700156358677,7.37106003713391,67.5285935450556,-303.500192397018,0.1898732234469
941.6,31830,1.08,22.700156358677,6.92724178280617,69.4837265728424,-312.289209139391,0.193455737096841
941.6,31830,1.1,22.700156358677,6.63354411091726,70.7775400041171,-318.105393611797,0.197038250746783
941.6,31930,0.9,22.700156358677,9.4927457055609,58.1820250241036,-261.484590824828,0.161719626874255
941.6,31930,0.92,22.700156358677,9.33425677772341,58.8802093243933,-264.623049341098,0.16531339636035
941.6,31930,0.94,22.700156358677,8.90574967653325,60.7678928029539,-273.108558765013,0.168907165846444
941.6,31930,0.96,22.700156358677,8.75172191851671,61.4464245081228,-276.158709172192,0.172500935332539
941.6,31930,0.98,22.700156358677,8.31875364750598,63.3537605818024,-284.732653314719,0.176094704818634
941.6,31930,1.0,22.700156358677,8.02525563299237,64.6466944712266,-290.544746202969,0.179688474304728
941.6,31930,1.02,22.700156358677,7.73175761847843,65.9396283606522,-296.356868552156,0.183282243790823
941.6,31930,1.04,22.700156358677,7.43825960396488,67.2325622500761,-302.169019679954,0.186876013276917
941.6,31930,1.06,22.700156358677,7.29875999766654,67.8470937277195,-304.931545009447,0.190469782763012
941.6,31930,1.08,22.700156358677,6.85284846421593,69.811448185922,-313.762019651785,0.194063552249106
941.6,31930,1.1,22.700156358677,6.55776556042389,71.1113639183493,-319.605639208063,0.197657321735201
941.6,32030,0.9,22.700156358677,9.43064787914029,58.45558184653,-262.713892149791,0.162226139694542
941.6,32030,0.92,22.700156358677,9.27141377738573,59.1570488286888,-265.867108123495,0.165831165021088
941.6,32030,0.94,22.700156358677,8.84089194671649,61.0536077063755,-274.392517686147,0.169436190347633
941.6,32030,0.96,22.700156358677,8.68613999004829,61.7353296919998,-277.457010400162,0.173041215674179
941.6,32030,0.98,22.700156358677,8.25113601429227,63.6516335662229,-286.071270744492,0.176646241000724
941.6,32030,1.0,22.700156358677,7.95625804808078,64.9506464961439,-291.910693210546,0.180251266327269
941.6,32030,1.02,22.700156358677,7.66138008186872,66.2496594260673,-297.750145343671,0.183856291653815
941.6,32030,1.04,22.700156358677,7.36650211565675,67.5486723559904,-303.589626454866,0.18746131698036
941.6,32030,1.06,22.700156358677,7.22634661831644,68.1660932015818,-306.365141793551,0.191066342306905
941.6,32030,1.08,22.700156358677,6.77833852425037,70.1396835460149,-315.237139381959,0.194671367633451
941.6,32030,1.1,22.700156358677,6.48186821702093,71.4457111457593,-321.10823706683,0.198276392959996
941.6,32130,0.9,22.700156358677,9.3684530102252,58.7295661659874,-263.945114619679,0.162732652708224
941.6,32130,0.92,22.700156358677,9.20847257004365,59.4343209599798,-267.113111132453,0.166348933879518
941.6,32130,0.94,22.700156358677,8.77593286140481,61.3397691066993,-275.678483240386,0.169965215050812
941.6,32130,0.96,22.700156358677,8.62045557435459,62.024686358341,-278.757340693643,0.173581496222106
941.6,32130,0.98,22.700156358677,8.18341271258487,63.9499720474092,-287.411980297326,0.1771977773934
941.6,32130,1.0,22.700156358677,7.88715263817488,65.2550735177643,-293.278775086603,0.180814058564694
941.6,32130,1.02,22.700156358677,7.59089256376483,66.5601749881196,-299.145599749534,0.184430339735987
941.6,32130,1.04,22.700156358677,7.29463248935484,67.8652764584746,-305.01245359027,0.188046620907281
941.6,32130,1.06,22.700156358677,7.15382007598768,68.4855911873348,-307.800979255408,0.191662902078575
941.6,32130,1.08,22.700156358677,6.70371214493656,70.4684318512454,-316.714564734803,0.195279183249869
941.6,32130,1.1,22.700156358677,6.40585226612485,71.7805808695399,-322.613183525999,0.198895464421163
941.6,32230,0.9,22.700156358677,9.30616124981109,59.0039773173022,-265.178255252886,0.163239165915295
941.6,32230,0.92,22.700156358677,9.14543330850448,59.7120250451108,-268.36105535054,0.166866702935635
941.6,32230,0.94,22.700156358677,8.71087257830566,61.6263763091835,-276.966452313489,0.170494239955975
941.6,32230,0.96,22.700156358677,8.55466883090289,62.314493804652,-280.059696903613,0.174121776976315
941.6,32230,0.98,22.700156358677,8.1155839068008,64.2487753010623,-288.754778726293,0.177749313996655
941.6,32230,1.0,22.700156358677,7.8179395710478,65.5599747970042,-294.648988517952,0.181376851016995
941.6,32230,1.02,22.700156358677,7.52029523529563,66.8711742929425,-300.543228390179,0.185004388037335
941.6,32230,1.04,22.700156358677,7.22265089954286,68.1823737888834,-306.437497640226,0.188631925057675
941.6,32230,1.06,22.700156358677,7.08118054675961,68.805586909304,-309.239053917623,0.192259462078015
941.6,32230,1.08,22.700156358677,6.62896950745076,70.7976923034855,-318.194292132046,0.195886999098355
941.6,32230,1.1,22.700156358677,6.32971789228508,72.1159722767038,-324.120474940485,0.199514536118694
941.6,32330,0.9,22.700156358677,9.24377274818951,59.2788146384017,-266.413311081685,0.163745679315752
941.6,32330,0.92,22.700156358677,9.08229614486348,59.9901604140633,-269.61093777439,0.167384472189435
941.6,32330,0.94,22.700156358677,8.64571125438992,61.9134286223313,-278.256421805742,0.171023265063118
941.6,32330,0.96,22.700156358677,8.48877991841713,62.6047513317134,-281.364075895656,0.174662057936802
941.6,32330,0.98,22.700156358677,8.04764976059062,64.5480426062596,-290.099662799578,0.178300850810485
941.6,32330,1.0,22.700156358677,7.74861901369094,65.8653495982239,-296.02133020684,0.181939643684168
941.6,32330,1.02,22.700156358677,7.44958826679119,67.1826565901885,-301.943027901748,0.185578436557852
941.6,32330,1.04,22.700156358677,7.15055751989136,68.4999635821535,-307.864755174858,0.189217229431535
941.6,32330,1.06,22.700156358677,7.00842820588999,69.1260795954339,-310.679362318951,0.192856022305219
941.6,32330,1.08,22.700156358677,6.55411079212526,71.1274641083254,-319.67631801207,0.196494815178902
941.6,32330,1.1,22.700156358677,6.25346527919222,72.4518845580468,-325.630107682317,0.200133608052585
941.6,32430,0.9,22.700156358677,9.18128765495478,59.5540774702845,-267.650279152218,0.164252192909587
941.6,32430,0.92,22.700156358677,9.01906123050988,60.268726399929,-270.862755414686,0.167902241640911
941.6,32430,0.94,22.700156358677,8.58044904590014,62.2009253578542,-279.548388631847,0.171552290372236
941.6,32430,0.96,22.700156358677,8.42278899488428,62.8954582435521,-282.670474549974,0.17520233910356
941.6,32430,0.98,22.700156358677,7.97961043684594,64.8477732454218,-291.446629300472,0.178852387834884
941.6,32430,1.0,22.700156358677,7.67919113231872,66.1711971892062,-297.395796870702,0.182502436566208
941.6,32430,1.02,22.700156358677,7.3787718277916,67.4946211329901,-303.344994936069,0.186152485297532
941.6,32430,1.04,22.700156358677,7.07835252326454,68.8180450767737,-309.294222780248,0.189802534028856
941.6,32430,1.06,22.700156358677,6.93556322782276,69.4470684772544,-312.121901014186,0.193452582760181
941.6,32430,1.08,22.700156358677,6.47913617845476,71.4577464750451,-321.160638829871,0.197102631491505
941.6,32430,1.1,22.700156358677,6.17709460968304,72.7883169081261,-327.14207814034,0.200752680222829
941.6,32530,0.9,22.700156358677,9.11870611900772,59.8297651570045,-268.889156524245,0.164758706696798
941.6,32530,0.92,22.700156358677,8.9557287161317,60.5477223388885,-272.116505295876,0.16842001129006
941.6,32530,0.94,22.700156358677,8.51508610835554,62.4888658306501,-280.842349720793,0.172081315883322
941.6,32530,0.96,22.700156358677,8.35669621756074,63.1866138474132,-283.978889761313,0.175742620476584
941.6,32530,0.98,22.700156358677,7.91146609770374,65.147966504294,-292.795675027195,0.179403925069846
941.6,32530,1.0,22.700156358677,7.60965609237792,66.4775168411156,-298.772385242422,0.183065229663109
941.6,32530,1.02,22.700156358677,7.30784608705162,67.8070671779393,-304.749126160491,0.186726534256371
941.6,32530,1.04,22.700156358677,7.00603608172569,69.1366175147614,-310.725897058319,0.190387838849633
941.6,32530,1.06,22.700156358677,6.86258578619434,69.7685527898527,-313.566666574131,0.194049143442895
941.6,32530,1.08,22.700156358677,6.40404584510269,71.7885386165863,-322.647251056755,0.197710448036157
941.6,32530,1.1,22.700156358677,6.10060606574796,73.1252685252274,-328.65638272015,0.201371752629419
941.6,32630,0.9,22.700156358677,9.0560282885622,60.1058770456416,-270.129940271175,0.165265220677378
941.6,32630,0.92,22.700156358677,8.89229875172097,60.8271475701887,-273.372184456168,0.168937781136875
941.6,32630,0.94,22.700156358677,8.44962259655724,62.7772493587807,-282.138302015777,0.172610341596372
941.6,32630,0.96,22.700156358677,8.29050174297515,63.4782174537483,-285.28931843862,0.17628290205587
941.6,32630,0.98,22.700156358677,7.84321690455206,65.4486216719206,-294.146796792623,0.179955462515367
941.6,32630,1.0,22.700156358677,7.54001405854964,66.7843078284898,-300.151092069724,0.183628022974864
941.6,32630,1.02,22.700156358677,7.23681121254714,68.1199939850594,-306.15541825775,0.187300583434362
941.6,32630,1.04,22.700156358677,6.9336083665444,69.4556801416301,-312.15977462665,0.190973143893859
941.6,32630,1.06,22.700156358677,6.78949605383939,70.0905317718477,-315.013655585428,0.194645704353356
941.6,32630,1.08,22.700156358677,6.3288399699079,72.1198397495234,-324.13615118045,0.198318264812853
941.6,32630,1.1,22.700156358677,6.02399982853705,73.4627386113382,-330.1730178439,0.201990825272351
941.6,32730,0.9,22.700156358677,8.99325431115073,60.3824124862774,-271.37262747991,0.165771734851323
941.6,32730,0.92,22.700156358677,8.82877148657989,61.107001436115,-274.629789947452,0.169455551181352
941.6,32730,0.94,22.700156358677,8.38405866459368,63.0660752634467,-283.436242474033,0.173139367511381
941.6,32730,0.96,22.700156358677,8.22420572693729,63.7702683761752,-286.601757505178,0.176823183841411
941.6,32730,0.98,22.700156358677,7.7748630180371,65.749738040614,-295.499991424498,0.18050700017144
941.6,32730,1.0,22.700156358677,7.47026519475847,67.0915694291991,-301.531914115464,0.18419081650147
941.6,32730,1.02,22.700156358677,7.16566737148015,68.4334008177829,-307.563867925773,0.187874632831499
941.6,32730,1.04,22.700156358677,6.86106954820186,69.7752322063665,-313.595852118373,0.191558449161528
941.6,32730,1.06,22.700156358677,6.71629420279758,70.4130046653608,-316.462864650451,0.195242265491558
941.6,32730,1.08,22.700156358677,6.25351872989082,72.4516490940361,-325.627335704747,0.198926081821587
941.6,32730,1.1,22.700156358677,5.94727607836676,73.8007263721183,-331.691979950221,0.202609898151617
941.6,32830,0.9,22.700156358677,8.9303843336268,60.6593708319846,-272.617215250614,0.166278249218627
941.6,32830,0.92,22.700156358677,8.76514706932617,61.3872832819685,-275.889318835182,0.169973321423486
941.6,32830,0.94,22.700156358677,8.3183944658469,63.3553428689611,-284.736168066815,0.173668393628344
941.6,32830,0.96,22.700156358677,8.15780832454167,64.0627659314628,-287.916203898368,0.177363465833203
941.6,32830,0.98,22.700156358677,7.70640459806696,66.0513149059379,-296.855255764945,0.181058538038061
941.6,32830,1.0,22.700156358677,7.400409664177,67.3993009244263,-302.914848157386,0.184753610242919
941.6,32830,1.02,22.700156358677,7.09441473028694,68.7472869429151,-308.974471877789,0.188448682447778
941.6,32830,1.04,22.700156358677,6.78841979639683,70.0952729614041,-315.034126182172,0.192143754652636
941.6,32830,1.06,22.700156358677,6.64298040431918,70.7359707159905,-317.914290387152,0.195838826857494
941.6,32830,1.08,22.700156358677,6.17808230125982,72.7839658738814,-327.120801149592,0.199533899062353
941.6,32830,1.1,22.700156358677,5.87043499472676,74.13923101687,-333.213265494149,0.203228971267211
941.6,32930,0.9,22.700156358677,8.86741850217504,60.9367514387824,-273.863700696873,0.166784763779287
941.6,32930,0.92,22.700156358677,8.70142564789688,61.6679924560484,-277.150768198187,0.170491091863271
941.6,32930,0.94,22.700156358677,8.25263015299714,63.6450515027284,-286.038075779255,0.174197419947255
941.6,32930,0.96,22.700156358677,8.09130969017282,64.355709439508,-289.232654569568,0.177903748031239
941.6,32930,0.98,22.700156358677,7.63784180381913,66.353351566675,-298.212586670671,0.181610076115223
941.6,32930,1.0,22.700156358677,7.33044762923014,67.7075015986482,-304.299890987859,0.185316404199208
941.6,32930,1.02,22.700156358677,7.02305345464121,69.0616516306211,-310.38722684196,0.189022732283192
941.6,32930,1.04,22.700156358677,6.71565928005239,70.4158016625935,-316.474593481974,0.192729060367176
941.6,32930,1.06,22.700156358677,6.56955482887001,71.0594291727914,-319.367929428875,0.19643538845116
941.6,32930,1.08,22.700156358677,6.1025308594171,73.1167893163677,-328.616544050788,0.200141716535144
941.6,32930,1.1,22.700156358677,5.79347675628547,74.4782517585129,-334.7368709469,0.203848044619128
941.6,33030,0.9,22.700156358677,8.80435696231073,61.2145536656389,-275.11208094533,0.167291278533296
941.6,33030,0.92,22.700156358677,8.63760736955472,61.9491283096249,-278.414135128648,0.171008862500703
941.6,33030,0.94,22.700156358677,8.18676587802778,63.9352004952229,-287.34196261013,0.174726446468109
941.6,33030,0.96,22.700156358677,8.02470997751235,64.6490982233039,-290.551106484139,0.178444030435516
941.6,33030,0.98,22.700156358677,7.56917479374541,66.6558473248043,-299.57198101271,0.182161614402923
941.6,33030,1.0,22.700156358677,7.26037925160372,68.0161707395972,-305.687039413983,0.185879198370329
941.6,33030,1.02,22.700156358677,6.95158370946237,69.3764941543886,-311.802129561439,0.189596782337736
941.6,33030,1.04,22.700156358677,6.64278816732071,70.7368175691814,-317.917250696964,0.193314366305142
941.6,33030,1.06,22.700156358677,6.49601764614096,71.3833792882316,-320.823778424516,0.197031950272549
941.6,33030,1.08,22.700156358677,6.02686457896542,73.4501186523251,-330.114560959961,0.200749534239955
941.6,33030,1.1,22.700156358677,5.71640154089637,74.817787813557,-336.262792795756,0.204467118207362
941.6,33130,0.9,22.700156358677,8.74119985889055,61.4927768744232,-276.362353135886,0.16779779348065
941.6,33130,0.92,22.700156358677,8.57369238089305,62.2306901969166,-279.679416732018,0.171526633335776
941.6,33130,0.94,22.700156358677,8.12080179223315,64.2257891799541,-288.647825572115,0.175255473190901
941.6,33130,0.96,22.700156358677,7.95800933954245,64.9429316089246,-291.87155662118,0.178984313046027
941.6,33130,0.98,22.700156358677,7.50040372557605,66.9588014854838,-300.933435676218,0.182713152901153
941.6,33130,1.0,22.700156358677,7.19020469224748,68.3253076382486,-307.076290257377,0.186441992756278
941.6,33130,1.02,22.700156358677,6.88000565891888,69.6918137910136,-313.219176794132,0.190170832611404
941.6,33130,1.04,22.700156358677,6.56980662559024,71.0583199437788,-319.36209452144,0.193899672466529
941.6,33130,1.06,22.700156358677,6.42236902504928,71.7078203181875,-322.281834038035,0.197628512321655
941.6,33130,1.08,22.700156358677,5.95108363371326,73.7839531160829,-331.614848444391,0.20135735217678
941.6,33130,1.1,22.700156358677,5.63920952560448,75.1578384020737,-337.791027544036,0.205086192031906
941.6,33230,0.9,22.700156358677,8.67794733611151,61.7714204299108,-277.61451442116,0.168304308621344
941.6,33230,0.92,22.700156358677,8.50968082784088,62.512677475069,-280.946610126815,0.172044404368485
941.6,33230,0.94,22.700156358677,8.05473804621964,64.5168168934626,-289.955661691163,0.175784500115626
941.6,33230,0.96,22.700156358677,7.89120792855231,65.2372089254973,-293.194001973552,0.179524595862767
941.6,33230,0.98,22.700156358677,7.43152875632821,67.2622133570126,-302.296947560683,0.183264691609908
941.6,33230,1.0,22.700156358677,7.11992411138216,68.6349115887891,-308.467640354016,0.187004787357049
941.6,33230,1.02,22.700156358677,6.80831946643602,70.0076098205659,-314.638365312729,0.19074488310419
941.6,33230,1.04,22.700156358677,6.49671482149023,71.3803080523413,-320.809121664665,0.194484978851331
941.6,33230,1.06,22.700156358677,6.34860913374754,72.0327515219038,-323.742092948636,0.198225074598472
941.6,33230,1.08,22.700156358677,5.87518819668108,74.1182919454415,-333.117403086947,0.201965170345613
941.6,33230,1.1,22.700156358677,5.56190088665259,75.4984027476684,-339.321571710869,0.205705266092754
941.6,33330,0.9,22.700156358677,8.61459953752139,62.0504836997367,-278.868561966878,0.168810823955373
941.6,33330,0.92,22.700156358677,8.44557285566748,62.7950895041337,-282.21571244464,0.172562175598826
941.6,33330,0.94,22.700156358677,7.98857478991448,64.8082829752805,-291.265468006872,0.176313527242279
941.6,33330,0.96,22.700156358677,7.8243058961426,65.5319295051824,-294.518439547666,0.180064878885732
941.6,33330,0.98,22.700156358677,7.36255004230772,67.5660822508237,-303.662513579408,0.183816230529184
941.6,33330,1.0,22.700156358677,7.04953766850419,68.9449818885959,-309.861086554256,0.187567582172637
941.6,33330,1.02,22.700156358677,6.73652529470063,70.3238815263683,-316.059691904495,0.19131893381609
941.6,33330,1.04,22.700156358677,6.4235129208973,71.7027811641396,-322.258328850867,0.195070285459543
941.6,33330,1.06,22.700156358677,6.27473813962858,72.3581721619724,-325.204551850492,0.198821637102995
941.6,33330,1.08,22.700156358677,5.79917844010898,74.4531343816393,-334.622221485997,0.202572988746448
941.6,33330,1.1,22.700156358677,5.48447579948686,75.8394800774557,-340.854421831158,0.206324340389901
941.8,31330,0.9,22.700156358677,9.80429901608893,56.8095529335802,-255.334150113109,0.158646829303602
941.8,31330,0.92,22.700156358677,9.64954872797759,57.4912675687844,-258.398772191806,0.162172314399237
941.8,31330,0.94,22.700156358677,9.23114980086268,59.3344219528509,-266.684647872313,0.165697799494873
941.8,31330,0.96,22.700156358677,9.08075544678724,59.9969475835078,-269.66303886348,0.169223284590509
941.8,31330,0.98,22.700156358677,8.65800058563669,61.8592909721204,-278.035267245575,0.172748769686144
941.8,31330,1.0,22.700156358677,8.37142597802371,63.1217254817552,-283.710620771691,0.17627425478178
941.8,31330,1.02,22.700156358677,8.08485137041049,64.384159991391,-289.386002626004,0.179799739877415
941.8,31330,1.04,22.700156358677,7.79827676279741,65.6465945010261,-295.061412161948,0.183325224973051
941.8,31330,1.06,22.700156358677,7.66206785179886,66.246629623456,-297.758943838305,0.186850710068687
941.8,31330,1.08,22.700156358677,7.22667505045229,68.1646463739447,-306.381664213298,0.190376195164322
941.8,31330,1.1,22.700156358677,6.93855293995831,69.433898029931,-312.087800668291,0.193901680259958
941.8,31430,0.9,22.700156358677,9.742504008469,57.0817757616679,-256.557539091078,0.159153233225698
941.8,31430,0.92,22.700156358677,9.58701218026637,57.7667570708085,-259.636847535775,0.162689971741825
941.8,31430,0.94,22.700156358677,9.16660834845972,59.6187435732977,-267.962431140922,0.166226710257952
941.8,31430,0.96,22.700156358677,9.01549332727345,60.2844439270687,-270.955095345993,0.169763448774078
941.8,31430,0.98,22.700156358677,8.59071268845066,62.1557113849266,-279.367445707968,0.173300187290205
941.8,31430,1.0,22.700156358677,8.30276485844581,63.4241952907424,-285.069997151324,0.176836925806332
941.8,31430,1.02,22.700156358677,8.01481702844135,64.6926791965566,-290.772577127336,0.180373664322458
941.8,31430,1.04,22.700156358677,7.72686919843643,65.9611631023727,-296.475184982716,0.183910402838585
941.8,31430,1.06,22.700156358677,7.59000759483562,66.5640735028048,-299.185644087877,0.187447141354712
941.8,31430,1.08,22.700156358677,7.15252845670955,68.4912811009095,-307.849687368124,0.190983879870838
941.8,31430,1.1,22.700156358677,6.86302570842267,69.7666148198168,-313.583169572656,0.194520618386965
941.8,31530,0.9,22.700156358677,9.68061058724205,57.3544321268884,-257.782876450215,0.159659637340621
941.8,31530,0.92,22.700156358677,9.52437603798517,58.0426853124096,-260.876894669589,0.163207629281523
941.8,31530,0.94,22.700156358677,9.10196410851184,59.9035179991935,-269.24224949028,0.166755621222426
941.8,31530,0.96,22.700156358677,8.95012727249292,60.5723981320869,-272.249209659438,0.170303613163329
941.8,31530,0.98,22.700156358677,8.52331762978114,62.4526038715009,-280.701745952419,0.173851605104231
941.8,31530,1.0,22.700156358677,8.23399439041616,63.7271468076529,-286.431538664363,0.177399597045134
941.8,31530,1.02,22.700156358677,7.94467115105102,65.0016897438056,-292.161360113638,0.180947588986037
941.8,31530,1.04,22.700156358677,7.65534791168555,66.2762326799598,-297.891209640479,0.184495580926939
941.8,31530,1.06,22.700156358677,7.51783257601546,66.8820229375124,-300.614616779628,0.188043572867842
941.8,31530,1.08,22.700156358677,7.07826377844793,68.8184360204096,-309.320048830566,0.191591564808745
941.8,31530,1.1,22.700156358677,6.78737819359023,70.0998614884175,-315.080920371541,0.195139556749648
941.8,31630,0.9,22.700156358677,9.61861890845718,57.6275213418056,-259.010159108871,0.160166041648363
941.8,31630,0.92,22.700156358677,9.46164045905428,58.3190515979084,-262.118910474489,0.163725287018327
941.8,31630,0.94,22.700156358677,9.0372172440028,60.1887445125532,-270.524099701543,0.16728453238829
941.8,31630,0.96,22.700156358677,8.88465744725018,60.8608094725565,-273.545378549183,0.170843777758254
941.8,31630,0.98,22.700156358677,8.45581557954856,62.7499676833002,-282.038164623159,0.174403023128218
941.8,31630,1.0,22.700156358677,8.16511474732127,64.0305792686745,-287.795241886322,0.177962268498181
941.8,31630,1.02,22.700156358677,7.87441391509453,65.3111908540463,-293.552348092005,0.181521513868145
941.8,31630,1.04,22.700156358677,7.58371308286721,66.5918024394207,-299.309482573672,0.185080759238109
941.8,31630,1.06,22.700156358677,7.44554297730967,67.2004771259487,-302.045858319525,0.188640004608072
941.8,31630,1.08,22.700156358677,7.00388120290702,69.1461103076066,-310.792744902284,0.192199249978036
941.8,31630,1.1,22.700156358677,6.71161058618585,70.4336371955412,-316.581049297605,0.195758495347999
941.8,31730,0.9,22.700156358677,9.55652912742065,57.9010427222554,-260.239383999896,0.160672446148921
941.8,31730,0.92,22.700156358677,9.39880560064534,58.5958552349235,-263.362891846665,0.164242944952231
941.8,31730,0.94,22.700156358677,8.97236791714241,60.4744223988009,-271.80797857126,0.16781344375554
941.8,31730,0.96,22.700156358677,8.81908401556535,61.1496772259266,-274.843598775808,0.171383942558849
941.8,31730,0.98,22.700156358677,8.38820670686444,63.0478020753452,-283.376698380139,0.174954441362159
941.8,31730,1.0,22.700156358677,8.09612610172555,64.3344919136169,-289.161103409097,0.178524940165468
941.8,31730,1.02,22.700156358677,7.80404549658638,65.6211817518899,-294.945537585935,0.182095438968777
941.8,31730,1.04,22.700156358677,7.5119648914474,66.907871590162,-300.730000237583,0.185665937772087
941.8,31730,1.06,22.700156358677,7.3731389798247,67.5194352702934,-303.479365130447,0.189236436575396
941.8,31730,1.08,22.700156358677,6.92938091643692,69.4743031415807,-312.267771902507,0.192806935378705
941.8,31730,1.1,22.700156358677,6.63572307603023,70.7679411049794,-318.083552601485,0.196377434182015
941.8,31830,0.9,22.700156358677,9.49434139870511,58.1749955873059,-261.470548070797,0.161178850842289
941.8,31830,0.92,22.700156358677,9.33587161918529,58.8730955343543,-264.608835696904,0.164760603083229
941.8,31830,0.94,22.700156358677,8.9074162893728,60.7605509467427,-273.093882911095,0.168342355324169
941.8,31830,0.96,22.700156358677,8.75340714068442,61.4390006730571,-276.143867115509,0.171924107565109
941.8,31830,0.98,22.700156358677,8.32049118004107,63.346106306177,-284.71734389929,0.175505859806049
941.8,31830,1.0,22.700156358677,8.0270286253747,64.6388839858963,-290.529119840548,0.179087612046988
941.8,31830,1.02,22.700156358677,7.73356607070864,65.9316616656143,-296.340925135514,0.182669364287928
941.8,31830,1.04,22.700156358677,7.44010351604271,67.2244393453317,-302.152759104379,0.186251116528868
941.8,31830,1.06,22.700156358677,7.30062076380997,67.8388965765016,-304.915133652222,0.189832868769808
941.8,31830,1.08,22.700156358677,6.85476310450573,69.8030137052975,-313.745126167881,0.193414621010747
941.8,31830,1.1,22.700156358677,6.55971585204447,71.102772384486,-319.588426551429,0.196996373251687
941.8,31930,0.9,22.700156358677,9.43205587615358,58.4493792592392,-262.70364828344,0.161685255728463
941.8,31930,0.92,22.700156358677,9.2728386703633,59.1507718103501,-265.856738950585,0.165278261411318
941.8,31930,0.94,22.700156358677,8.84236252137488,61.0471294485382,-274.381809547844,0.168871267094173
941.8,31930,0.96,22.700156358677,8.6876269850808,61.7287790982109,-277.446180359429,0.172464272777028
941.8,31930,0.98,22.700156358677,8.25266916659603,63.6448796378379,-286.060097872133,0.176057278459882
941.8,31930,1.0,22.700156358677,7.95782248920644,64.9437547324884,-291.899287804753,0.179650284142737
941.8,31930,1.02,22.700156358677,7.6629758118171,66.2426298271379,-297.738507297166,0.183243289825592
941.8,31930,1.04,22.700156358677,7.36812913442788,67.5415049217868,-303.57775566286,0.186836295508447
941.8,31930,1.06,22.700156358677,7.22798850866447,68.1588602542748,-306.353160341505,0.190429301191301
941.8,31930,1.08,22.700156358677,6.78002795170698,70.1322411855751,-315.22480405236,0.194022306874156
941.8,31930,1.1,22.700156358677,6.48358910225958,71.4381302057364,-321.095667433505,0.197615312557011
941.8,32030,0.9,22.700156358677,9.3696727128861,58.7241930635222,-263.938681614092,0.162191660807438
941.8,32030,0.92,22.700156358677,9.20970690913647,59.4288833802851,-267.106598547616,0.165795919936492
941.8,32030,0.94,22.700156358677,8.77720677307307,61.3341571996792,-275.671755323117,0.169400179065546
941.8,32030,0.96,22.700156358677,8.62174371046614,62.0190117890068,-278.750535314034,0.1730044381946
941.8,32030,0.98,22.700156358677,8.18474083326017,63.9441213358356,-287.404957005897,0.176608697323655
941.8,32030,1.0,22.700156358677,7.88850786335363,65.2491034039143,-293.271603941579,0.180212956452709
941.8,32030,1.02,22.700156358677,7.59227489344705,66.554085471993,-299.138280643469,0.183817215581763
941.8,32030,1.04,22.700156358677,7.29604192354078,67.8590675400705,-305.004986418296,0.187421474710817
941.8,32030,1.06,22.700156358677,7.15524239294405,68.4793255170289,-307.793441671646,0.191025733839871
941.8,32030,1.08,22.700156358677,6.70517564176541,70.4619847730591,-316.706801926989,0.194629992968925
941.8,32030,1.1,22.700156358677,6.40734301382123,71.774013744306,-322.605271551059,0.19823425209798
941.8,32130,0.9,22.700156358677,9.30719206130379,58.9994363287891,-265.175645053072,0.162698066079208
941.8,32130,0.92,22.700156358677,9.14647648973538,59.7074295647343,-268.358411442239,0.166313578658746
941.8,32130,0.94,22.700156358677,8.71194920364257,61.6216334989584,-276.963717093462,0.169929091238284
941.8,32130,0.96,22.700156358677,8.5557574777927,62.3096980364089,-280.05692880071,0.173544603817822
941.8,32130,0.98,22.700156358677,8.11670634598164,64.2438306691263,-288.751918023132,0.17716011639736
941.8,32130,1.0,22.700156358677,7.81908491715121,65.5549292542101,-294.646064906668,0.180775628976898
941.8,32130,1.02,22.700156358677,7.52146348832058,66.8660278392948,-300.540241763116,0.184391141556435
941.8,32130,1.04,22.700156358677,7.22384205949018,68.1771264243785,-306.43444789247,0.188006654135973
941.8,32130,1.06,22.700156358677,7.08238259436713,68.8002915818686,-309.235974132526,0.191622166715511
941.8,32130,1.08,22.700156358677,6.63020635754476,70.7922436621878,-318.191116179883,0.195237679295049
941.8,32130,1.1,22.700156358677,6.3309777729989,72.1104221796299,-324.117235224925,0.198853191874587
941.8,32230,0.9,22.700156358677,9.24461407309649,59.2751083868073,-266.414535604876,0.163204471543768
941.8,32230,0.92,22.700156358677,9.08314756566968,59.9864096874482,-269.612174602931,0.166831237578074
941.8,32230,0.94,22.700156358677,8.64658997151519,61.9095576484429,-278.257691730153,0.17045800361238
941.8,32230,0.96,22.700156358677,8.48966844726014,62.6008371346966,-281.365357655631,0.174084769646686
941.8,32230,0.98,22.700156358677,8.04856586993393,64.5440069100784,-290.100977661842,0.177711535680992
941.8,32230,1.0,22.700156358677,7.74955381914303,65.8612315408972,-296.022667371261,0.181338301715298
941.8,32230,1.02,22.700156358677,7.45054176835255,67.1784561717143,-301.94438726074,0.184965067749604
941.8,32230,1.04,22.700156358677,7.15152971756165,68.4956808025332,-307.866136623307,0.18859183378391
941.8,32230,1.06,22.700156358677,7.00940928982125,69.1217576695592,-310.680754230412,0.192218599818216
941.8,32230,1.08,22.700156358677,6.55512028105476,71.1230170511619,-319.677743216113,0.195845365852522
941.8,32230,1.1,22.700156358677,6.25449356518971,72.4473546949866,-325.631554792998,0.199472131886828
941.8,32330,0.9,22.700156358677,9.18193889924699,59.5512085724588,-267.655350287977,0.163710877201114
941.8,32330,0.92,22.700156358677,9.01972028973396,60.2658230753278,-270.867885012349,0.167348896694473
941.8,32330,0.94,22.700156358677,8.58112923438324,62.1979289534578,-279.553676118899,0.170986916187831
941.8,32330,0.96,22.700156358677,8.42347677832329,62.8924283814306,-282.675818729881,0.174624935681189
941.8,32330,0.98,22.700156358677,7.98031956951985,64.8446493344552,-291.452132675104,0.178262955174547
941.8,32330,1.0,22.700156358677,7.67991473708806,66.1680095249544,-297.40140802223,0.181900974667905
941.8,32330,1.02,22.700156358677,7.37950990465636,67.4913697154531,-303.350713756756,0.185538994161263
941.8,32330,1.04,22.700156358677,7.07910507222475,68.8147299059515,-309.300049164957,0.189177013654621
941.8,32330,1.06,22.700156358677,6.93632265536958,69.4437230044972,-312.127778487881,0.192815033147979
941.8,32330,1.08,22.700156358677,6.47991759345618,71.4543041419216,-321.166679457397,0.196453052641337
941.8,32330,1.1,22.700156358677,6.17789057492923,72.7848104774496,-327.148226610396,0.200091072134695
941.8,32430,0.9,22.700156358677,9.11916669003649,59.8277362237166,-268.898086134651,0.164217283051241
941.8,32430,0.92,22.700156358677,8.95619481401307,60.5456690584,-272.125539667142,0.167866556007935
941.8,32430,0.94,22.700156358677,8.51556714920803,62.4867467225484,-280.851667160067,0.17151582896463
941.8,32430,0.96,22.700156358677,8.35718262969464,63.1844710774419,-283.988308889041,0.175165101921324
941.8,32430,0.98,22.700156358677,7.91196760837961,65.1457572213801,-292.805379831193,0.178814374878018
941.8,32430,1.0,22.700156358677,7.61016783796568,66.4752624707947,-298.782283561796,0.182463647834712
941.8,32430,1.02,22.700156358677,7.30836806755138,67.8047677202109,-304.759217887427,0.186112920791407
941.8,32430,1.04,22.700156358677,7.00656829713707,69.1342729696271,-310.736182087513,0.189762193748101
941.8,32430,1.06,22.700156358677,6.86312286625911,69.7661868146749,-313.57704344372,0.193411466704795
941.8,32430,1.08,22.700156358677,6.40459847506895,71.7861041401116,-322.657921342128,0.197060739661489
941.8,32430,1.1,22.700156358677,6.10116898589447,73.1227887178745,-328.667247049074,0.200710012618184
941.8,32530,0.9,22.700156358677,9.0562975950513,60.1046906816147,-270.142740191027,0.164723689094144
941.8,32530,0.92,22.700156358677,8.89257128988773,60.8259469697943,-273.385135577927,0.168384215518458
941.8,32530,0.94,22.700156358677,8.44990387222352,62.7760102674641,-282.151661768309,0.172044741942772
941.8,32530,0.96,22.700156358677,8.29078615935345,63.4769645267913,-285.302825013379,0.175705268367087
941.8,32530,0.98,22.700156358677,7.84351014939574,65.4473298533135,-294.160715913383,0.179365794791401
941.8,32530,1.0,22.700156358677,7.5403132879819,66.782989646238,-300.165290707388,0.183026321215715
941.8,32530,1.02,22.700156358677,7.2371164265678,68.1186494391636,-306.169896304445,0.18668684764003
941.8,32530,1.04,22.700156358677,6.93391956515388,69.4543092320885,-312.174531977054,0.190347374064344
941.8,32530,1.06,22.700156358677,6.78981009692398,70.089148331665,-315.028545652704,0.194007900488658
941.8,32530,1.08,22.700156358677,6.32916310537763,72.1184162550566,-324.151465325203,0.197668426912972
941.8,32530,1.1,22.700156358677,6.02432898091207,73.4612886108632,-330.1886124978,0.201328953337287
941.8,32630,0.9,22.700156358677,8.99333176318548,60.3820712902366,-271.389309516739,0.165230095329817
941.8,32630,0.92,22.700156358677,8.82884986803968,61.106656145719,-274.646669769073,0.168901875226035
941.8,32630,0.94,22.700156358677,8.38413955894142,63.065718903136,-283.45365687246,0.172573655122253
941.8,32630,0.96,22.700156358677,8.22428752454775,63.7699080367609,-286.619363997342,0.176245435018471
941.8,32630,0.98,22.700156358677,7.77494735469728,65.7493665160356,-295.518137719642,0.17991721491469
941.8,32630,1.0,22.700156358677,7.47035125257549,67.0911903224843,-301.550426191707,0.183588994810908
941.8,32630,1.02,22.700156358677,7.16575515045337,68.4330141289344,-307.582745675084,0.187260774707126
941.8,32630,1.04,22.700156358677,6.86115904833113,69.774837935385,-313.615095435315,0.190932554603344
941.8,32630,1.06,22.700156358677,6.71638452099251,70.4126067905906,-316.482281685452,0.194604334499562
941.8,32630,1.08,22.700156358677,6.25361166303877,72.4512396997284,-325.647307877931,0.19827611439578
941.8,32630,1.1,22.700156358677,5.94737074196509,73.8003093547339,-331.71231936206,0.201947894291998
941.8,32730,0.9,22.700156358677,8.93026934264988,60.6598773966756,-272.637791185109,0.165736501758256
941.8,32730,0.92,22.700156358677,8.76503069845765,61.3877959254352,-275.910139278742,0.169419535130662
941.8,32730,0.94,22.700156358677,8.31827436415969,63.3558719476393,-284.757649415664,0.173102568503067
941.8,32730,0.96,22.700156358677,8.15768688180377,64.0633009178126,-287.937922749891,0.176785601875473
941.8,32730,0.98,22.700156358677,7.70627938566961,66.0518664986026,-296.877642062894,0.180468635247879
941.8,32730,1.0,22.700156358677,7.40028189642455,67.3998637740844,-302.937686762437,0.184151668620284
941.8,32730,1.02,22.700156358677,7.0942844071797,68.7478610495652,-308.997762681894,0.18783470199269
941.8,32730,1.04,22.700156358677,6.78828691793454,70.0958583250474,-315.057869079817,0.191517735365096
941.8,32730,1.06,22.700156358677,6.64284631129626,70.7365614300843,-317.938248128554,0.195200768737501
941.8,32730,1.08,22.700156358677,6.1779443258862,72.7845736907238,-327.145445487745,0.198883802109907
941.8,32730,1.1,22.700156358677,5.87029445019935,74.1398501514926,-333.23836406388,0.202566835482313
941.8,32830,0.9,22.700156358677,8.86711048097396,60.9381083510266,-273.88818228283,0.166242908379456
941.8,32830,0.92,22.700156358677,8.70111393044147,61.6693656512391,-277.1755411586,0.169937195232332
941.8,32830,0.94,22.700156358677,8.25230844196501,63.646468722183,-286.063636354981,0.173631482085209
941.8,32830,0.96,22.700156358677,8.09098438692882,64.3571424835755,-289.258498194158,0.177325768938086
941.8,32830,0.98,22.700156358677,7.63750640295587,66.3548290933402,-298.239225770563,0.181020055790963
941.8,32830,1.0,22.700156358677,7.3301053834514,67.7090092789184,-304.327069182255,0.184714342643839
941.8,32830,1.02,22.700156358677,7.02270436394681,69.0631894644971,-310.414944022695,0.188408629496716
941.8,32830,1.04,22.700156358677,6.7153033444425,70.4173696500746,-316.502849543483,0.192102916349593
941.8,32830,1.06,22.700156358677,6.56919563987194,71.0610114922803,-319.39644158412,0.19579720320247
941.8,32830,1.08,22.700156358677,6.10216127093874,73.1184174482295,-328.645874658375,0.199491490055347
941.8,32830,1.1,22.700156358677,5.79310028592874,74.4799102068107,-334.766743041678,0.203185776908223
941.8,32930,0.9,22.700156358677,8.80385532501315,61.2167635063539,-275.140479909972,0.166749315193411
941.8,32930,0.92,22.700156358677,8.63709971260916,61.9513646684302,-278.442872473908,0.170454855531042
941.8,32930,0.94,22.700156358677,8.18624194573917,63.9375085510809,-287.37161466145,0.174160395868674
941.8,32930,0.96,22.700156358677,8.02418019501782,64.6514320508166,-290.581087267266,0.177865936206305
941.8,32930,0.98,22.700156358677,7.56862856646532,66.6582535958073,-299.602885684659,0.181571476543936
941.8,32930,1.0,22.700156358677,7.25982187682846,68.0186261181702,-305.71857022861,0.185277016881568
941.8,32930,1.02,22.700156358677,6.95101518719136,69.3789986405342,-311.834286410414,0.188982557219199
941.8,32930,1.04,22.700156358677,6.64220849755418,70.7393711628985,-317.950033474678,0.19268809755683
941.8,32930,1.06,22.700156358677,6.49543267796977,71.3859562227776,-320.856858669837,0.196393637894462
941.8,32930,1.08,22.700156358677,6.02626267440439,73.452770196004,-330.14859190938,0.200099178232093
941.8,32930,1.1,22.700156358677,5.71578842864332,74.8204887299884,-336.297452750198,0.203804718569725
941.8,33030,0.9,22.700156358677,8.74050402095289,61.4958422186732,-276.394681179822,0.167255722200117
941.8,33030,0.92,22.700156358677,8.57298819290024,62.233792325297,-279.712130303284,0.170972516026787
941.8,33030,0.94,22.700156358677,8.12007502816511,64.2289907617255,-288.681581319928,0.174689309853456
941.8,33030,0.96,22.700156358677,7.95727446045763,64.9461689394223,-291.905686920296,0.178406103680125
941.8,33030,0.98,22.700156358677,7.49964603537744,66.9621393047773,-300.968618661552,0.182122897506794
941.8,33030,1.0,22.700156358677,7.1894315389835,68.3287135763037,-307.11218669362,0.185839691333464
941.8,33030,1.02,22.700156358677,6.87921704258969,69.6952878478295,-313.255786572976,0.189556485160133
941.8,33030,1.04,22.700156358677,6.56900254619574,71.061862119356,-319.399417537129,0.193273278986802
941.8,33030,1.06,22.700156358677,6.42155759605984,71.7113948706118,-322.319496018872,0.196990072813471
941.8,33030,1.08,22.700156358677,5.95024871168853,73.7876311613419,-331.653593776334,0.200706866640141
941.8,33030,1.1,22.700156358677,5.6383590570141,75.1615849339343,-337.830489660367,0.20442366046681
941.8,33130,0.9,22.700156358677,8.67705671431431,61.7753438469266,-277.650783218793,0.16776212939957
941.8,33130,0.92,22.700156358677,8.50877951858151,62.5166479730917,-280.983311738568,0.17149017671956
941.8,33130,0.94,22.700156358677,8.0538078412313,64.5209146845688,-289.993533328993,0.17521822403955
941.8,33130,0.96,22.700156358677,7.89026733693438,65.2413524723658,-293.232294118394,0.178946271359541
941.8,33130,0.98,22.700156358677,7.43055896814852,67.2664855222099,-302.336421571955,0.182674318679531
941.8,33130,1.0,22.700156358677,7.11893453160718,68.6392709410303,-308.50791538408,0.186402365999522
941.8,33130,1.02,22.700156358677,6.80731009506579,70.0120563598509,-314.679441253188,0.190130413319512
941.8,33130,1.04,22.700156358677,6.49568565852434,71.3848417786717,-320.850998409664,0.193858460639503
941.8,33130,1.06,22.700156358677,6.34757056383617,72.0373266882373,-323.78435027964,0.197586507959493
941.8,33130,1.08,22.700156358677,5.87411955739914,74.1229995750501,-333.160876810511,0.201314555279483
941.8,33130,1.1,22.700156358677,5.56081234890038,75.5031980351325,-339.365850259139,0.205042602599474
941.8,33230,0.9,22.700156358677,8.61351354995838,62.0552677529645,-278.908783166354,0.168268536791763
941.8,33230,0.92,22.700156358677,8.44447383625353,62.7999309660011,-282.256413884972,0.172007837609357
941.8,33230,0.94,22.700156358677,7.98744053623718,64.813279653098,-291.307467700819,0.175747138426952
941.8,33230,0.96,22.700156358677,7.82315897743697,65.5369819756919,-294.560905840262,0.179486439244547
941.8,33230,0.98,22.700156358677,7.36136752251683,67.5712915532276,-303.706291300797,0.183225740062141
941.8,33230,1.0,22.700156358677,7.04833101565619,68.9502975032945,-309.905753121235,0.186965040879736
941.8,33230,1.02,22.700156358677,6.73529450879573,70.3293034533606,-316.105247208606,0.190704341697331
941.8,33230,1.04,22.700156358677,6.42225800193551,71.7083094034256,-322.30477278621,0.194443642514926
941.8,33230,1.06,22.700156358677,6.27347175022486,72.3637509314914,-325.251418115865,0.19818294333252
941.8,33230,1.08,22.700156358677,5.79787538535164,74.4588746714274,-334.670437578748,0.201922244150115
941.8,33230,1.1,22.700156358677,5.4831484813541,75.845327253624,-340.903531049335,0.20566154496771
941.8,33330,0.9,22.700156358677,8.54987467209204,62.3356133015185,-280.16867817492,0.168774944376692
941.8,33330,0.92,22.700156358677,8.38007129185323,63.0836406611358,-283.531433860655,0.172525498696174
941.8,33330,0.94,22.700156358677,7.92097326379961,65.1060850038072,-292.623381461186,0.176276053015656
941.8,33330,0.96,22.700156358677,7.75594953426356,65.8330567784882,-295.891519078443,0.180026607335138
941.8,33330,0.98,22.700156358677,7.29207185550676,67.8765567060977,-305.078224746989,0.18377716165462
941.8,33330,1.0,22.700156358677,6.97762115136045,69.2617925572425,-311.305696740704,0.187527715974102
941.8,33330,1.02,22.700156358677,6.66317044721417,70.6470284083871,-317.533201211499,0.191278270293584
941.8,33330,1.04,22.700156358677,6.34871974306778,72.0322642595322,-323.760737375589,0.195028824613066
941.8,33330,1.06,22.700156358677,6.19926132338724,72.6906668595804,-326.720696206205,0.198779378932548
941.8,33330,1.08,22.700156358677,5.72151636857773,74.7952556882247,-336.182272663566,0.20252993325203
941.8,33330,1.1,22.700156358677,5.40536763062892,76.1879718129662,-342.443528549745,0.206280487571512
942.0,31330,0.9,22.700156358677,9.74506684651301,57.0704858039975,-256.52401222889,0.158613118940634
942.0,31330,0.92,22.700156358677,9.58960577236692,57.755331633646,-259.60291597653,0.162137854917093
942.0,31330,0.94,22.700156358677,9.1692850904166,59.6069518397317,-267.927405227547,0.165662590893551
942.0,31330,0.96,22.700156358677,9.01819995761718,60.2725205275072,-270.919676004268,0.16918732687001
942.0,31330,0.98,22.700156358677,8.59350333432052,62.1434178754645,-279.330920282118,0.172712062846468
942.0,31330,1.0,22.700156358677,8.30561245627234,63.4116508933315,-285.032721803199,0.176236798822927
942.0,31330,1.02,22.700156358677,8.01772157822436,64.6798839111976,-290.734551749735,0.179761534799385
942.0,31330,1.04,22.700156358677,7.72983070017642,65.9481169290636,-296.436409471043,0.183286270775844
942.0,31330,1.06,22.700156358677,7.59299616583992,66.5509080824567,-299.146512001416,0.186811006752302
942.0,31330,1.08,22.700156358677,7.15560355482161,68.4777345065008,-307.809415336076,0.190335742728761
942.0,31330,1.1,22.700156358677,6.86615806603197,69.7528159826643,-313.542143054898,0.193860478705219
942.0,31430,0.9,22.700156358677,9.68298801800382,57.3439589357606,-257.753103135505,0.159119415170934
942.0,31430,0.92,22.700156358677,9.52678199791574,58.0320864429897,-260.846761696899,0.162655402174732
942.0,31430,0.94,22.700156358677,9.10444720286272,59.8925793329058,-269.211143935636,0.166191389178531
942.0,31430,0.96,22.700156358677,8.95263809296959,60.5613373251172,-272.217754447679,0.169727376182329
942.0,31430,0.98,22.700156358677,8.52590638772141,62.4411997300519,-280.669307696174,0.173263363186128
942.0,31430,1.0,22.700156358677,8.23663598015119,63.7155099286231,-286.3984338911,0.176799350189927
942.0,31430,1.02,22.700156358677,7.94736557258062,64.9898201271958,-292.127588716072,0.180335337193725
942.0,31430,1.04,22.700156358677,7.65809516500993,66.264130325769,-297.856771513845,0.183871324197524
942.0,31430,1.06,22.700156358677,7.52060494029163,66.8698099631507,-300.579861720669,0.187407311201322
942.0,31430,1.08,22.700156358677,7.08111641006998,68.8058694478407,-309.284280543058,0.190943298205121
942.0,31430,1.1,22.700156358677,6.7902839422984,70.0870609214863,-315.044481453509,0.194479285208919
942.0,31530,0.9,22.700156358677,9.62081032396536,57.6178675954897,-258.984151509878,0.159625711593461
942.0,31530,0.92,22.700156358677,9.46385817154862,58.3092820066364,-262.092588402742,0.163172949628871
942.0,31530,0.94,22.700156358677,9.03950605575564,60.1786617108461,-270.496927215003,0.166720187664281
942.0,31530,0.96,22.700156358677,8.88697181577778,60.8506140867141,-273.517900318691,0.170267425699691
942.0,31530,0.98,22.700156358677,8.45820178754632,62.7394558262008,-282.009826786934,0.173814663735102
942.0,31530,1.0,22.700156358677,8.16754965344188,64.0198528838772,-287.766321208929,0.177361901770512
942.0,31530,1.02,22.700156358677,7.8768975193369,65.300249941556,-293.522844465949,0.180909139805922
942.0,31530,1.04,22.700156358677,7.5862453852321,66.580646999234,-299.279395894195,0.184456377841332
942.0,31530,1.06,22.700156358677,7.44809842589243,67.1892197207468,-302.01549447876,0.188003615876743
942.0,31530,1.08,22.700156358677,7.00651063854705,69.1345269704768,-310.761494961099,0.191550853912153
942.0,31530,1.1,22.700156358677,6.7142889829181,70.4218381722661,-316.549212853115,0.195098091947563
942.0,31630,0.9,22.700156358677,9.55853392116277,57.8922110925942,-260.217154255871,0.16013200820821
942.0,31630,0.92,22.700156358677,9.40083445191241,58.5869176257061,-263.3403929608,0.163690497279503
942.0,31630,0.94,22.700156358677,8.97446181282894,60.4651982522644,-271.784751831901,0.167248986350797
942.0,31630,0.96,22.700156358677,8.82120129160188,61.1403500829631,-274.820110347321,0.170807475422091
942.0,31630,0.98,22.700156358677,8.39038970449477,63.0381854119362,-283.352474182791,0.174365964493384
942.0,31630,1.0,22.700156358677,8.09835365032786,64.3246789917713,-289.13638031625,0.177924453564678
942.0,31630,1.02,22.700156358677,7.80631759616073,65.6111725716074,-294.920315490133,0.181482942635971
942.0,31630,1.04,22.700156358677,7.51428154199384,66.8976661514424,-300.704279033883,0.185041431707265
942.0,31630,1.06,22.700156358677,7.37547680544817,67.5091365499386,-303.453406664693,0.188599920778558
942.0,31630,1.08,22.700156358677,6.9317864283523,69.4637062457825,-312.24105487458,0.192158409849852
942.0,31630,1.1,22.700156358677,6.63817337949289,70.7571468909487,-318.056333468822,0.195716898921145
942.0,31730,0.9,22.700156358677,9.49615896561701,58.1669887397619,-261.452108292126,0.160638305015176
942.0,31730,0.92,22.700156358677,9.3377109969004,58.8649926046385,-264.590172252751,0.164208045126625
942.0,31730,0.94,22.700156358677,8.90931463703658,60.7521882393068,-273.074614567788,0.167777785238073
942.0,31730,0.96,22.700156358677,8.75532668521745,61.4305445879857,-276.124381279215,0.171347525349521
942.0,31730,0.98,22.700156358677,8.32247030845624,63.3373877388513,-284.697246528261,0.17491726546097
942.0,31730,1.0,22.700156358677,8.0290481441661,64.6299874886234,-290.508607789058,0.178487005572418
942.0,31730,1.02,22.700156358677,7.73562597987552,65.9225872383975,-296.319998295921,0.182056745683866
942.0,31730,1.04,22.700156358677,7.44220381558564,67.2151869881685,-302.131417371693,0.185626485795315
942.0,31730,1.06,22.700156358677,7.30274026089837,67.8295596492359,-304.893594684738,0.189196225906763
942.0,31730,1.08,22.700156358677,6.85694396669219,69.7934064490654,-313.722956585531,0.192765966018211
942.0,31730,1.1,22.700156358677,6.56193732271488,71.0929862374863,-319.565839533689,0.19633570612966
942.0,31830,0.9,22.700156358677,9.43368561261083,58.4421998529325,-262.689010551922,0.161144602014355
942.0,31830,0.92,22.700156358677,9.27448796365786,59.1435062511684,-265.841923174934,0.164725593170229
942.0,31830,0.94,22.700156358677,8.84406469056352,61.0396309575069,-274.366512219594,0.168306584326104
942.0,31830,0.96,22.700156358677,8.68934816061829,61.7211968793473,-277.430709875322,0.171887575481978
942.0,31830,0.98,22.700156358677,8.2544437685161,63.6370620620819,-286.044140483708,0.175468566637853
942.0,31830,1.0,22.700156358677,7.9596333074925,64.9357776143688,-291.883000219448,0.179049557793727
942.0,31830,1.02,22.700156358677,7.66482284646862,66.234493166657,-297.721889407303,0.182630548949602
942.0,31830,1.04,22.700156358677,7.37001238544494,67.5332087189444,-303.560807363281,0.186211540105476
942.0,31830,1.06,22.700156358677,7.2298889733205,68.150488220946,-306.336054962112,0.189792531261351
942.0,31830,1.08,22.700156358677,6.78198343988732,70.1236267595358,-315.207196413527,0.193373522417226
942.0,31830,1.1,22.700156358677,6.48558100237388,71.4293553758065,-321.077727298648,0.1969545135731
942.0,31930,0.9,22.700156358677,9.37111401669422,58.7178437512737,-263.927857982972,0.16165089920574
942.0,31930,0.92,22.700156358677,9.21116550859031,59.4224578762895,-267.095642638467,0.165243141410312
942.0,31930,0.94,22.700156358677,8.77871213482805,61.3275256957759,-275.660441599167,0.168835383614884
942.0,31930,0.96,22.700156358677,8.62326588102642,62.0123062380131,-278.739092911984,0.172427625819456
942.0,31930,0.98,22.700156358677,8.18631025296237,63.937207640276,-287.393152725283,0.176019868024028
942.0,31930,1.0,22.700156358677,7.89010931202919,65.2420486125276,-293.259554215662,0.1796121102286
942.0,31930,1.02,22.700156358677,7.59390837109634,66.5468895847776,-299.125985364539,0.183204352433172
942.0,31930,1.04,22.700156358677,7.29770743016341,67.8517305570281,-304.992445481105,0.186796594637744
942.0,31930,1.06,22.700156358677,7.15692312293775,68.4719214711398,-307.780783936898,0.190388836842316
942.0,31930,1.08,22.700156358677,6.70690503337847,70.4543663602793,-316.693770695429,0.193981079046888
942.0,31930,1.1,22.700156358677,6.40910460736433,71.7662534737806,-322.591993032325,0.19757332125146
942.0,32030,0.9,22.700156358677,9.30844433168966,58.9939197571581,-265.168647547276,0.162157196589328
942.0,32030,0.92,22.700156358677,9.14774378736568,59.7018467942446,-268.351327568887,0.165760689846869
942.0,32030,0.94,22.700156358677,8.71325713049008,61.6158717463658,-276.956399533523,0.16936418310441
942.0,32030,0.96,22.700156358677,8.55708000889551,62.303871948333,-280.04952718071,0.17296767636195
942.0,32030,0.98,22.700156358677,8.11806992929056,64.2378237355732,-288.744279944734,0.176571169619491
942.0,32030,1.0,22.700156358677,7.82047632869092,65.5487997301763,-294.638266401906,0.180174662877031
942.0,32030,1.02,22.700156358677,7.52288272809107,66.8597757247804,-300.532282724209,0.183778156134572
942.0,32030,1.04,22.700156358677,7.22528912749158,68.1707517193829,-306.426328214103,0.187381649392113
942.0,32030,1.06,22.700156358677,7.08384288912668,68.7938586096174,-309.227778066039,0.190985142649653
942.0,32030,1.08,22.700156358677,6.63170893173515,70.7856244382201,-318.182675785398,0.194588635907194
942.0,32030,1.1,22.700156358677,6.33250832569228,72.1036797031941,-324.108633020855,0.198192129164735
942.0,32130,0.9,22.700156358677,9.24567671069964,59.2704271961301,-266.411376221268,0.162663494165114
942.0,32130,0.92,22.700156358677,9.08422295492379,59.9816723224842,-269.608974906246,0.166278238479894
942.0,32130,0.94,22.700156358677,8.64769983745619,61.9046684048471,-278.254382864479,0.169892982794674
942.0,32130,0.96,22.700156358677,8.49079070591709,62.5958932980145,-281.362009487981,0.173507727109455
942.0,32130,0.98,22.700156358677,8.04972296421276,64.5389096135639,-290.097518849409,0.177122471424235
942.0,32130,1.0,22.700156358677,7.75073452759118,65.8560302179218,-296.019133418247,0.180737215739015
942.0,32130,1.02,22.700156358677,7.4517460909693,67.1731508222809,-301.940778059122,0.184351960053796
942.0,32130,1.04,22.700156358677,7.15275765434772,68.4902714266388,-307.862452067805,0.187966704368576
942.0,32130,1.06,22.700156358677,7.01064845042143,69.1162988498903,-310.67703382295,0.191581448683356
942.0,32130,1.08,22.700156358677,6.55639531866187,71.1174001840929,-319.673908054748,0.195196192998136
942.0,32130,1.1,22.700156358677,6.25579234448232,72.4416332397152,-325.627643567913,0.198810937312917
942.0,32230,0.9,22.700156358677,9.18281130611086,59.5473653968873,-267.656040995443,0.163169791933091
942.0,32230,0.92,22.700156358677,9.02060316547983,60.261933781651,-270.868581604941,0.166795787309382
942.0,32230,0.94,22.700156358677,8.58204041488532,62.193914970084,-279.554388448634,0.170421782685673
942.0,32230,0.96,22.700156358677,8.42439813302829,62.8883695780883,-282.676536655369,0.174047778061964
942.0,32230,0.98,22.700156358677,7.98126952366033,64.8404645432782,-291.452866162034,0.177673773438255
942.0,32230,1.0,22.700156358677,7.68088407804789,66.1637393298751,-297.402151920388,0.181299768814546
942.0,32230,1.02,22.700156358677,7.38049863243525,67.4870141164728,-303.351467958095,0.184925764190837
942.0,32230,1.04,22.700156358677,7.08011318682283,68.8102889030696,-309.300813564004,0.188551759567128
942.0,32230,1.06,22.700156358677,6.93733998452297,69.4392414091403,-312.128547697651,0.192177754943419
942.0,32230,1.08,22.700156358677,6.48096437700344,71.4496927924193,-321.167463891632,0.19580375031971
942.0,32230,1.1,22.700156358677,6.17895684998466,72.780113262864,-327.149020994306,0.199429745696001
942.0,32330,0.9,22.700156358677,9.11984826959897,59.8247336912595,-268.902638874265,0.163676089893256
942.0,32330,0.92,22.700156358677,8.95688457252987,60.5426304955554,-272.130144633477,0.167313336335329
942.0,32330,0.94,22.700156358677,8.5162790211954,62.4836107442048,-280.856413157302,0.170950582777401
942.0,32330,0.96,22.700156358677,8.35790245041444,63.1813000828971,-283.993105519064,0.174587829219473
942.0,32330,0.98,22.700156358677,7.91270977279193,65.1424877971497,-292.810318620553,0.178225075661546
942.0,32330,1.0,22.700156358677,7.61092514859017,66.4719263236223,-298.787318579647,0.181862322103618
942.0,32330,1.02,22.700156358677,7.3091405243884,67.8013648500949,-304.764349025693,0.185499568545691
942.0,32330,1.04,22.700156358677,7.00735590018663,69.1308033765674,-310.74140924067,0.189136814987763
942.0,32330,1.06,22.700156358677,6.86391766830358,69.7626855081997,-313.582316196475,0.192774061429835
942.0,32330,1.08,22.700156358677,6.40541628875405,71.7825014614685,-322.663339701173,0.196411307871908
942.0,32330,1.1,22.700156358677,6.10200202758153,73.1191189559843,-328.672761638087,0.20004855431398
942.0,32430,0.9,22.700156358677,9.05678775213671,60.1025314141733,-270.151166876288,0.164182388045604
942.0,32430,0.92,22.700156358677,8.89306732885834,60.8237617911428,-273.393660974574,0.167830885557728
942.0,32430,0.94,22.700156358677,8.45041581406809,62.7737550325817,-282.160453876264,0.171479383069853
942.0,32430,0.96,22.700156358677,8.29130381751912,63.474684110051,-285.311712930195,0.175127880581977
942.0,32430,0.98,22.700156358677,7.84404387599957,65.4449786509896,-294.169872978157,0.178776378094102
942.0,32430,1.0,22.700156358677,7.54085790696544,66.780590460193,-300.17463008293,0.182424875606226
942.0,32430,1.02,22.700156358677,7.23767193793121,68.1162022693969,-306.179417882545,0.186073373118351
942.0,32430,1.04,22.700156358677,6.93448596889714,69.4518140786001,-312.184235652075,0.189721870630476
942.0,32430,1.06,22.700156358677,6.79038167781512,70.0866303715149,-315.038335842067,0.1933703681426
942.0,32430,1.08,22.700156358677,6.32975123506117,72.1158253932393,-324.161531905083,0.197018865654725
942.0,32430,1.1,22.700156358677,6.02492806179439,73.4586495062119,-330.198861854311,0.200667363166849
942.0,32530,0.9,22.700156358677,8.9936299039968,60.3807579036387,-271.401622033762,0.164688686390129
942.0,32530,0.92,22.700156358677,8.82915158654054,61.1053269984828,-274.659127624774,0.168348434976576
942.0,32530,0.94,22.700156358677,8.38445095045524,63.0643471438014,-283.466507505828,0.172008183563023
942.0,32530,0.96,22.700156358677,8.2246023930459,63.7685209604202,-286.632355754273,0.175667932149471
942.0,32530,0.98,22.700156358677,7.77527199691392,65.747936383963,-295.531526003094,0.179327680735918
942.0,32530,1.0,22.700156358677,7.47068252014335,67.0897310040434,-301.564083132375,0.182987429322365
942.0,32530,1.02,22.700156358677,7.16609304337269,68.4315256241242,-307.596671164703,0.186647177908813
942.0,32530,1.04,22.700156358677,6.86150356660181,69.773320244206,-313.62928936818,0.19030692649526
942.0,32530,1.06,22.700156358677,6.71673218829287,70.4110752271297,-316.496603173062,0.193966675081707
942.0,32530,1.08,22.700156358677,6.25396939623513,72.4496637934188,-325.662036941749,0.197626423668154
942.0,32530,1.1,22.700156358677,5.94773513628984,73.7987041044484,-331.727318014885,0.201286172254602
942.0,32630,0.9,22.700156358677,8.93037487475819,60.6594125007222,-272.654001392639,0.165194984926826
942.0,32630,0.92,22.700156358677,8.76513749695117,61.3873254507309,-275.926541594678,0.168865984591867
942.0,32630,0.94,22.700156358677,8.3183845865842,63.3553863896424,-284.774570960554,0.172536984256907
942.0,32630,0.96,22.700156358677,8.15779833496687,64.0628099380972,-287.955030871464,0.176207983921948
942.0,32630,0.98,22.700156358677,7.70639429840991,66.051360278564,-296.895274478444,0.179878983586988
942.0,32630,1.0,22.700156358677,7.40039915432263,67.3993472230253,-302.955674445359,0.183549983252029
942.0,32630,1.02,22.700156358677,7.09440401023572,68.747334167485,-309.01610552384,0.18722098291707
942.0,32630,1.04,22.700156358677,6.78840886614848,70.0953211119462,-315.076566974976,0.19089198258211
942.0,32630,1.06,22.700156358677,6.64296937416405,70.7360193066476,-317.957114744149,0.194562982247151
942.0,32630,1.08,22.700156358677,6.17807095175263,72.784015871366,-327.164851265955,0.198233981912191
942.0,32630,1.1,22.700156358677,5.87042343388735,74.1392819453272,-333.25812650851,0.201904981577232
942.0,32730,0.9,22.700156358677,8.86702281331238,60.9384945495187,-273.908302012625,0.165701283655691
942.0,32730,0.92,22.700156358677,8.70102521076791,61.6697564841134,-277.195899908556,0.169383534403595
942.0,32730,0.94,22.700156358677,8.25221687796277,63.6468720850532,-286.084641169197,0.1730657851515
942.0,32730,0.96,22.700156358677,8.09089180052722,64.3575503503766,-289.27973517626,0.176748035899404
942.0,32730,0.98,22.700156358677,7.63741094261314,66.3552496205878,-298.261115202158,0.180430286647308
942.0,32730,1.0,22.700156358677,7.33000797493842,67.7094383883547,-304.349400754463,0.184112537395212
942.0,32730,1.02,22.700156358677,7.02260500726344,69.0636271561227,-310.437717627051,0.187794788143117
942.0,32730,1.04,22.700156358677,6.71520203958896,70.4178159238885,-316.526065074122,0.191477038891021
942.0,32730,1.06,22.700156358677,6.56909340905307,71.0614618452085,-319.419867125921,0.195159289638925
942.0,32730,1.08,22.700156358677,6.10205608026469,73.1188808400775,-328.669971348794,0.198841540386829
942.0,32730,1.1,22.700156358677,5.7929931365645,74.4803822271904,-334.791283740481,0.202523791134734
942.0,32830,0.9,22.700156358677,8.80357386786675,61.2180033971368,-275.164520966772,0.166207582576718
942.0,32830,0.92,22.700156358677,8.63681487797684,61.9526194379032,-278.467199604344,0.169901084411757
942.0,32830,0.94,22.700156358677,8.18594797938614,63.9388035481213,-287.396715074704,0.173594586246795
942.0,32830,0.96,22.700156358677,8.02388294624907,64.6527415077386,-290.60646557728,0.177288088081833
942.0,32830,0.98,22.700156358677,7.56832209090589,66.6596036991043,-299.629044986967,0.180981589916871
942.0,32830,1.0,22.700156358677,7.25950914666543,68.0200037745972,-305.745258807175,0.184675091751909
942.0,32830,1.02,22.700156358677,6.95069620242513,69.3804038500895,-311.861504156783,0.188368593586948
942.0,32830,1.04,22.700156358677,6.64188325818497,70.7408039255811,-317.977780282841,0.192062095421986
942.0,32830,1.06,22.700156358677,6.49510446578775,71.3874020814617,-320.884856904667,0.195755597257024
942.0,32830,1.08,22.700156358677,6.02592495960346,73.4542579161571,-330.177393677625,0.199449099092062
942.0,32830,1.1,22.700156358677,5.7154444254643,74.8220041520568,-336.326786132633,0.2031426009271
942.0,32930,0.9,22.700156358677,8.74002818595117,61.4979383936695,-276.422655341596,0.166713881689904
942.0,32930,0.92,22.700156358677,8.57250664787862,62.2359136543928,-279.740437733613,0.170418634616346
942.0,32930,0.94,22.700156358677,8.11957804494127,64.2311801000542,-288.710789633972,0.174123387542788
942.0,32930,0.96,22.700156358677,7.95677192794017,64.94838272381,-291.93521899746,0.17782814046923
942.0,32930,0.98,22.700156358677,7.49912790393137,66.9644218064389,-300.99906066001,0.181532893395673
942.0,32930,1.0,22.700156358677,7.18890283342623,68.3310426596321,-307.143245365946,0.185237646322115
942.0,32930,1.02,22.700156358677,6.87867776292124,69.6976635128246,-313.287461810545,0.188942399248557
942.0,32930,1.04,22.700156358677,6.56845269241616,71.0642843660176,-319.43170923391,0.192647152175
942.0,32930,1.06,22.700156358677,6.4210027164053,71.7138392575393,-322.352080682254,0.196351905101442
942.0,32930,1.08,22.700156358677,5.94967776678694,73.7901463197952,-331.687114755806,0.200056658027884
942.0,32930,1.1,22.700156358677,5.63777748090107,75.1641469255957,-337.86463012314,0.203761410954327
942.0,33030,0.9,22.700156358677,8.67638591442338,61.7782988921709,-277.682702236967,0.167220180995241
942.0,33030,0.92,22.700156358677,8.5081006690924,62.5196384788767,-281.015611361329,0.170936185017358
942.0,33030,0.94,22.700156358677,8.05310722801212,64.5240010651562,-290.02686181775,0.174652189039474
942.0,33030,0.96,22.700156358677,7.88955890069786,65.2444733153473,-293.26599237373,0.178368193061591
942.0,33030,0.98,22.700156358677,7.42982854160084,67.2697032381417,-302.371159063092,0.182084197083707
942.0,33030,1.0,22.700156358677,7.11818919839545,68.6425543246333,-308.543357207964,0.185800201105824
942.0,33030,1.02,22.700156358677,6.80654985518965,70.0154054111266,-314.715587301053,0.18951620512794
942.0,33030,1.04,22.700156358677,6.49491051198395,71.3882564976197,-320.887848575401,0.193232209150057
942.0,33030,1.06,22.700156358677,6.34678833215827,72.0407726190298,-323.821535076123,0.196948213172173
942.0,33030,1.08,22.700156358677,5.87331467802612,74.1265452747374,-333.199131102699,0.20066421719429
942.0,33030,1.1,22.700156358677,5.55999248236713,75.5068097570973,-339.404812166445,0.204380221216406
942.0,33130,0.9,22.700156358677,8.61264719947291,62.0590842486388,-278.944658765897,0.167726480492727
942.0,33130,0.92,22.700156358677,8.44359708956226,62.8037932596233,-282.292717565814,0.171453735614787
942.0,33130,0.94,22.700156358677,7.98653568128566,64.8172657708023,-291.344928610615,0.175180990736848
942.0,33130,0.96,22.700156358677,7.82224401891368,65.5410126022164,-294.598782656939,0.178908245858908
942.0,33130,0.98,22.700156358677,7.36042416309915,67.5754472929625,-303.745337052294,0.182635500980969
942.0,33130,1.0,22.700156358677,7.04736840400564,68.9545380540437,-309.945591125027,0.18636275610303
942.0,33130,1.02,22.700156358677,6.73431264491214,70.3336288151249,-316.145877355853,0.19009001122509
942.0,33130,1.04,22.700156358677,6.42125688581859,71.7127195762063,-322.346194970679,0.193817266347151
942.0,33130,1.06,22.700156358677,6.2724614835217,72.3682014149472,-325.293216719138,0.197544521469211
942.0,33130,1.08,22.700156358677,5.79683586873091,74.4634540082579,-334.713439253454,0.201271776591272
942.0,33130,1.1,22.700156358677,5.48208960853832,75.8499918594489,-340.947328733074,0.204999031713333
942.0,33230,0.9,22.700156358677,8.54881218662611,62.3402938219922,-280.208522054469,0.168232780182355
942.0,33230,0.92,22.700156358677,8.37899605656148,63.0883773478562,-283.571753438669,0.171971286408629
942.0,33230,0.94,22.700156358677,7.91986355675684,65.1109735474156,-292.664987010844,0.175709792634904
942.0,33230,0.96,22.700156358677,7.75482743627916,65.8379999073666,-295.933586811755,0.179448298861178
942.0,33230,0.98,22.700156358677,7.29091492688795,67.8816532728373,-305.121591497948,0.183186805087453
942.0,33230,1.0,22.700156358677,6.97644061195344,69.2669931355484,-311.34994392356,0.186925311313727
942.0,33230,1.02,22.700156358677,6.66196629701918,70.6523329982585,-317.578328717395,0.190663817540002
942.0,33230,1.04,22.700156358677,6.34749198208455,72.0376728609701,-323.806745098208,0.194402323766276
942.0,33230,1.06,22.700156358677,6.19802234019613,72.696124897717,-326.767122259268,0.198140829992551
942.0,33230,1.08,22.700156358677,5.72024151351626,74.8008717511334,-336.230035758957,0.201879336218826
942.0,33230,1.1,22.700156358677,5.40406903728127,76.1936924491025,-342.492176309614,0.2056178424451
942.0,33330,0.9,22.700156358677,8.48488102075257,62.6219269740436,-281.47428924176,0.16873908006412
942.0,33330,0.92,22.700156358677,8.31429771669747,63.3733900977322,-284.85271608463,0.172488837398879
942.0,33330,0.94,22.700156358677,7.85309100573364,65.4051237284458,-293.987034030243,0.176238594733637
942.0,33330,0.96,22.700156358677,7.68730930579264,66.1354345568011,-297.270401816636,0.179988352068395
942.0,33330,0.98,22.700156358677,7.22130099071472,68.188320482848,-306.499919284591,0.183738109403153
942.0,33330,1.0,22.700156358677,6.90540598320538,69.5799188600486,-312.756412424438,0.187487866737912
942.0,33330,1.02,22.700156358677,6.58951097569572,70.9715172372506,-319.012938142859,0.19123762407267
942.0,33330,1.04,22.700156358677,6.27361596818658,72.3631156144503,-325.269495651497,0.194987381407428
942.0,33330,1.06,22.700156358677,6.12347107111728,73.0245423231342,-328.243248359861,0.198737138742186
942.0,33330,1.08,22.700156358677,5.64353178620826,75.1387977376154,-337.748917185703,0.202486896076945
942.0,33330,1.1,22.700156358677,5.32593094565807,76.5379107460541,-344.039351398485,0.206236653411703
942.200000000001,31330,0.9,22.700156358677,9.68558881434602,57.3325017620693,-257.71890088208,0.158579422916029
942.200000000001,31330,0.92,22.700156358677,9.52941400381351,58.0204917832165,-260.812146627515,0.16210341009194
942.200000000001,31330,0.94,22.700156358677,9.10716359015318,59.8806129514962,-269.1754125605,0.165627397267852
942.200000000001,31330,0.96,22.700156358677,8.95538481132487,60.5492373276023,-272.181621753372,0.169151384443764
942.200000000001,31330,0.98,22.700156358677,8.52873836596059,62.4287241409219,-280.632046736284,0.172675371619676
942.200000000001,31330,1.0,22.700156358677,8.23952575386435,63.7027797356345,-286.360407972086,0.176199358795587
942.200000000001,31330,1.02,22.700156358677,7.9503131417682,64.9768353303468,-292.088797730422,0.179723345971499
942.200000000001,31330,1.04,22.700156358677,7.66110052967187,66.2508909250598,-297.817215356533,0.183247333147411
942.200000000001,31330,1.06,22.700156358677,7.52363777514281,66.8564495492255,-300.539941841191,0.186771320323323
942.200000000001,31330,1.08,22.700156358677,7.08423705358469,68.7921222142737,-309.2431978704,0.190295307499234
942.200000000001,31330,1.1,22.700156358677,6.79346269338308,70.073057709198,-315.002629175365,0.193819294675146
942.200000000001,31430,0.9,22.700156358677,9.62322498689853,57.6072303871153,-258.953717807196,0.159085611500424
942.200000000001,31430,0.92,22.700156358677,9.4663018104372,58.2985171517607,-262.061787103289,0.162620847311544
942.200000000001,31430,0.94,22.700156358677,9.04202803704176,60.1675517376536,-270.465131868682,0.166156083122665
942.200000000001,31430,0.96,22.700156358677,8.88952195739935,60.8393800600348,-273.485747599351,0.169691318933785
942.200000000001,31430,0.98,22.700156358677,8.46083108718472,62.727873088193,-281.976669333354,0.173226554744906
942.200000000001,31430,1.0,22.700156358677,8.17023261225674,64.0080337634603,-287.732482534921,0.176761790556026
942.200000000001,31430,1.02,22.700156358677,7.87963413732813,65.2881944387304,-293.488324463832,0.180297026367147
942.200000000001,31430,1.04,22.700156358677,7.58903566239981,66.5683551139993,-299.244194458837,0.183832262178267
942.200000000001,31430,1.06,22.700156358677,7.45091420726611,67.1768154829557,-301.979969122008,0.187367497989388
942.200000000001,31430,1.08,22.700156358677,7.00940794430756,69.1217635968915,-310.724934034813,0.190902733800508
942.200000000001,31430,1.1,22.700156358677,6.71724023761466,70.4088371398066,-316.511966511712,0.194437969611629
942.200000000001,31530,0.9,22.700156358677,9.56076184012453,57.8823965392204,-260.190501325031,0.159591800276448
942.200000000001,31530,0.92,22.700156358677,9.40308910590188,58.5769852976911,-263.313417799041,0.163138284727036
942.200000000001,31530,0.94,22.700156358677,8.97678875041112,60.4549474965189,-271.756905278836,0.166684769177624
942.200000000001,31530,0.96,22.700156358677,8.82355421167045,61.1299848677135,-274.791950510033,0.170231253628212
942.200000000001,31530,0.98,22.700156358677,8.39281566069736,63.027498453819,-283.323433543494,0.173777738078799
942.200000000001,31530,1.0,22.700156358677,8.10082911584071,64.313773932468,-289.106742466848,0.177324222529387
942.200000000001,31530,1.02,22.700156358677,7.80884257098409,65.6000494111169,-294.890080322882,0.180870706979975
942.200000000001,31530,1.04,22.700156358677,7.51685602612744,66.8863248897659,-300.673446443531,0.184417191430563
942.200000000001,31530,1.06,22.700156358677,7.37807482135696,67.4976916247683,-303.422290083002,0.18796367588115
942.200000000001,31530,1.08,22.700156358677,6.93445966375614,69.4519299594803,-312.209030359734,0.191510160331738
942.200000000001,31530,1.1,22.700156358677,6.64089639155723,70.7451513257142,-318.023708002369,0.195056644782326
942.200000000001,31630,0.9,22.700156358677,9.49819953150832,58.1579995246258,-261.429248325006,0.160097989244098
942.200000000001,31630,0.92,22.700156358677,9.33977604958241,58.8558955189208,-264.567035566892,0.163655722338411
942.200000000001,31630,0.94,22.700156358677,8.91144589474528,60.742799503498,-273.050729542022,0.167213455432724
942.200000000001,31630,0.96,22.700156358677,8.75748174045863,61.4210510179542,-276.100227200157,0.170771188527038
942.200000000001,31630,0.98,22.700156358677,8.32469225798204,63.3275994823711,-284.672335979386,0.174328921621351
942.200000000001,31630,1.0,22.700156358677,8.03131543960084,64.6199994718058,-290.483184311549,0.177886654715664
942.200000000001,31630,1.02,22.700156358677,7.73793862121917,65.9123994612425,-296.29406178187,0.181444387809978
942.200000000001,31630,1.04,22.700156358677,7.44456180283775,67.2047994506782,-302.104967715775,0.185002120904291
942.200000000001,31630,1.06,22.700156358677,7.3051198010611,67.8190771656568,-304.866901096315,0.188559853998604
942.200000000001,31630,1.08,22.700156358677,6.85939240089412,69.7826204696068,-313.695483112223,0.192117587092917
942.200000000001,31630,1.1,22.700156358677,6.56443134769323,71.0819994189863,-319.537849844853,0.195675320187231
942.200000000001,31730,0.9,22.700156358677,9.43553821778766,58.4340386528616,-262.669955711386,0.160604178403367
942.200000000001,31730,0.92,22.700156358677,9.27636280009719,59.135247116695,-265.822637273926,0.164173160145664
942.200000000001,31730,0.94,22.700156358677,8.84599963374849,61.0311070374317,-274.346601424857,0.167742141887961
942.200000000001,31730,0.96,22.700156358677,8.69130470929618,61.7125777815448,-277.410574400265,0.171311123630258
942.200000000001,31730,0.98,22.700156358677,8.25646104970869,63.6281754220045,-286.023373269906,0.174880105372555
942.200000000001,31730,1.0,22.700156358677,7.961691757689,64.92670961429,-291.861804628838,0.178449087114852
942.200000000001,31730,1.02,22.700156358677,7.66692246566907,66.2252438065765,-297.700265331881,0.182018068857149
942.200000000001,31730,1.04,22.700156358677,7.37215317364934,67.5237779988622,-303.538754697683,0.185587050599446
942.200000000001,31730,1.06,22.700156358677,7.23204932915263,68.1409713004544,-306.313798551391,0.189156032341743
942.200000000001,31730,1.08,22.700156358677,6.78420634378714,70.1138342987936,-315.184288577034,0.19272501408404
942.200000000001,31730,1.1,22.700156358677,6.48784529759018,71.4193805757191,-321.054388254645,0.196293995826337
942.200000000001,31830,0.9,22.700156358677,9.37277805495865,58.7105132367251,-263.912620403153,0.161110367754251
942.200000000001,31830,0.92,22.700156358677,9.21284951531388,59.4150393955664,-267.080219802079,0.16469059814879
942.200000000001,31830,0.94,22.700156358677,8.78045013034854,61.3198693805813,-275.644517709141,0.168270828543329
942.200000000001,31830,0.96,22.700156358677,8.62502328293114,62.0045644327279,-278.722988856189,0.171851058937867
942.200000000001,31830,0.98,22.700156358677,8.18812220573889,63.9292255244355,-287.376542059794,0.175431289332406
942.200000000001,31830,1.0,22.700156358677,7.89195824343411,65.2339035963624,-293.242599995021,0.179011519726945
942.200000000001,31830,1.02,22.700156358677,7.59579428112924,66.5385816682898,-299.108687480634,0.182591750121484
942.200000000001,31830,1.04,22.700156358677,7.29963031882449,67.8432597402165,-304.974803828502,0.186171980516023
942.200000000001,31830,1.06,22.700156358677,7.15886358754098,68.4633732278035,-307.762978854788,0.189752210910562
942.200000000001,31830,1.08,22.700156358677,6.70890167961105,70.4455706224833,-316.675443056525,0.193332441305101
942.200000000001,31830,1.1,22.700156358677,6.41113843190983,71.7572939559986,-322.573319465171,0.19691267169964
942.200000000001,31930,0.9,22.700156358677,9.30991919828013,58.9874225922613,-265.1572393337,0.161616557296744
942.200000000001,31930,0.92,22.700156358677,9.14923635235533,59.6952716633686,-268.339780047996,0.165208036347783
942.200000000001,31930,0.94,22.700156358677,8.71479754670662,61.6090858185854,-276.944475192056,0.168799515398822
942.200000000001,31930,0.96,22.700156358677,8.55863762533399,62.2970102491717,-280.037467329209,0.172390994449861
942.200000000001,31930,0.98,22.700156358677,8.11967589513345,64.230749044908,-288.731839009701,0.175982473500899
942.200000000001,31930,1.0,22.700156358677,7.82211506934706,65.5415806580685,-294.625567002526,0.179573952551938
942.200000000001,31930,1.02,22.700156358677,7.52455424356031,66.8524122712305,-300.519324752273,0.183165431602977
942.200000000001,31930,1.04,22.700156358677,7.22699341777373,68.1632438843918,-306.413111564078,0.186756910654016
942.200000000001,31930,1.06,22.700156358677,7.08556275727758,68.7862821501264,-309.214438430008,0.190348389705055
942.200000000001,31930,1.08,22.700156358677,6.63347859465966,70.777828620004,-318.168942870575,0.193939868756093
942.200000000001,31930,1.1,22.700156358677,6.33431094041414,72.095738723875,-324.094639727678,0.197531347807132
942.200000000001,32030,0.9,22.700156358677,9.24696180228212,59.2647660387259,-266.403809450988,0.162122747030843
942.200000000001,32030,0.92,22.700156358677,9.08552346760539,59.9759432311905,-269.60131492295,0.165725474742639
942.200000000001,32030,0.94,22.700156358677,8.64904204421989,61.898755640448,-278.246470685651,0.169328202454436
942.200000000001,32030,0.96,22.700156358677,8.49214789970469,62.5899145119385,-281.354006595853,0.172930930166232
942.200000000001,32030,0.98,22.700156358677,8.05112228615799,64.5327452421688,-290.089260795986,0.176533657878029
942.200000000001,32030,1.0,22.700156358677,7.75216240712699,65.8497400430294,-296.010702259742,0.180136385589825
942.200000000001,32030,1.02,22.700156358677,7.45320252809626,67.1667348438888,-301.932173687384,0.183739113301622
942.200000000001,32030,1.04,22.700156358677,7.1542426490651,68.4837296447501,-307.85367437706,0.187341841013418
942.200000000001,32030,1.06,22.700156358677,7.01214701856164,69.1096972735992,-310.668173717396,0.190944568725215
942.200000000001,32030,1.08,22.700156358677,6.55793727435,71.110607474546,-319.664784356351,0.194547296437011
942.200000000001,32030,1.1,22.700156358677,6.25736301197202,72.4347140473322,-325.618345310929,0.198150024148808
942.200000000001,32130,0.9,22.700156358677,9.1839060207699,59.5425428985673,-267.652327717287,0.162628936956541
942.200000000001,32130,0.92,22.700156358677,9.02171101671494,60.2570534133504,-270.864821352707,0.166242913333353
942.200000000001,32130,0.94,22.700156358677,8.58318378352946,62.1888781385041,-279.550501017089,0.169856889710165
942.200000000001,32130,0.96,22.700156358677,8.42555426847769,62.8832765054631,-282.672603447754,0.173470866086977
942.200000000001,32130,0.98,22.700156358677,7.98246154628921,64.8352133784402,-291.448804110597,0.177084842463789
942.200000000001,32130,1.0,22.700156358677,7.68210042766904,66.1583809984084,-297.398002391101,0.180698818840601
942.200000000001,32130,1.02,22.700156358677,7.38173930904894,67.4815486183763,-303.347230842646,0.184312795217413
942.200000000001,32130,1.04,22.700156358677,7.08137819042904,68.8047162383433,-309.296488756672,0.187926771594225
942.200000000001,32130,1.06,22.700156358677,6.93861655074847,69.433617808116,-312.124181173985,0.191540747971037
942.200000000001,32130,1.08,22.700156358677,6.48227790322912,71.4439063731325,-321.162963868083,0.19515472434785
942.200000000001,32130,1.1,22.700156358677,6.1802948345683,72.774219098249,-327.144432501374,0.198768700724662
942.200000000001,32230,0.9,22.700156358677,9.12075200682987,59.8207524974007,-268.902791109061,0.163135127073835
942.200000000001,32230,0.92,22.700156358677,8.95779915460739,60.5386015273709,-272.130296277392,0.16676035211992
942.200000000001,32230,0.94,22.700156358677,8.51722292452514,62.4794526083981,-280.856563028322,0.170385577166005
942.200000000001,32230,0.96,22.700156358677,8.35885689332874,63.1770955175222,-283.993254691602,0.17401080221209
942.200000000001,32230,0.98,22.700156358677,7.91369384222105,65.1381527193927,-292.810465660973,0.177636027258175
942.200000000001,32230,1.0,22.700156358677,7.61192930106892,66.4675027748903,-298.787464036734,0.181261252304261
942.200000000001,32230,1.02,22.700156358677,7.31016475991652,67.7968528303892,-304.764492791014,0.184886477350346
942.200000000001,32230,1.04,22.700156358677,7.0084002187646,69.1262028858859,-310.741551208409,0.188511702396431
942.200000000001,32230,1.06,22.700156358677,6.86497153235478,69.7580429672649,-313.582457273406,0.192136927442516
942.200000000001,32230,1.08,22.700156358677,6.40650066498251,71.7777245065818,-322.663477777181,0.195762152488602
942.200000000001,32230,1.1,22.700156358677,6.10310659530787,73.1142530523804,-328.67289760264,0.199387377534687
942.200000000001,32330,0.9,22.700156358677,9.05749991283451,60.0993941639863,-270.155196616802,0.163641317382718
942.200000000001,32330,0.92,22.700156358677,8.89378803548447,60.8205868939538,-273.397736651477,0.167277791102334
942.200000000001,32330,0.94,22.700156358677,8.45115962635257,62.7704783490526,-282.164653576033,0.17091426482195
942.200000000001,32330,0.96,22.700156358677,8.29205593517991,63.4713708392131,-285.315957148915,0.174550738541566
942.200000000001,32330,0.98,22.700156358677,7.84481933987093,65.4415625341176,-294.174242169898,0.178187212261182
942.200000000001,32330,1.0,22.700156358677,7.54164919662972,66.7771046266518,-300.179083852411,0.181823685980798
942.200000000001,32330,1.02,22.700156358677,7.23847905338871,68.1126467191851,-306.183956121323,0.185460159700414
942.200000000001,32330,1.04,22.700156358677,6.93530891014787,69.4481888117176,-312.188858254209,0.18909663342003
942.200000000001,32330,1.06,22.700156358677,6.79121214106541,70.0829719682988,-315.042998505691,0.192733107139645
942.200000000001,32330,1.08,22.700156358677,6.33060574243918,72.1120610694853,-324.166322471954,0.196369580859261
942.200000000001,32330,1.1,22.700156358677,6.02579848042497,73.454815089317,-330.203736935711,0.200006054578877
942.200000000001,32430,0.9,22.700156358677,8.99414989044957,60.3784672301977,-271.409541245124,0.164147507883186
942.200000000001,32430,0.92,22.700156358677,8.82967781283092,61.1030088369597,-274.667139443453,0.16779523028059
942.200000000001,32430,0.94,22.700156358677,8.38499404741739,63.0619546626503,-283.474769531498,0.171442952677994
942.200000000001,32430,0.96,22.700156358677,8.22515155420578,63.7661017649257,-286.640707656016,0.175090675075398
942.200000000001,32430,0.98,22.700156358677,7.77583820438497,65.7454420951039,-295.540130375308,0.178738397472803
942.200000000001,32430,1.0,22.700156358677,7.47126028286872,67.0871858113309,-301.572858509549,0.182386119870207
942.200000000001,32430,1.02,22.700156358677,7.16668236135281,68.4289295275563,-307.605617438277,0.186033842267611
942.200000000001,32430,1.04,22.700156358677,6.86210443983673,69.7706732437826,-313.638406432154,0.189681564665015
942.200000000001,32430,1.06,22.700156358677,6.71733855373985,70.4084040321062,-316.505801377205,0.193329287062419
942.200000000001,32430,1.08,22.700156358677,6.25459331758038,72.4469152601691,-325.671494357473,0.196977009459823
942.200000000001,32430,1.1,22.700156358677,5.94837067528807,73.7959043924632,-331.736946838596,0.200624731857227
942.200000000001,32530,0.9,22.700156358677,8.93070209063843,60.6579710310025,-272.665822012513,0.164653698575234
942.200000000001,32530,0.92,22.700156358677,8.76546863942179,61.3858666833753,-275.938501636022,0.168312669654684
942.200000000001,32530,0.94,22.700156358677,8.31872634539247,63.3538808546017,-284.786907780541,0.171971640734134
942.200000000001,32530,0.96,22.700156358677,8.15814390983961,64.0612875923156,-287.967503063894,0.175630611813583
942.200000000001,32530,0.98,22.700156358677,7.70675060014611,66.0497906782028,-296.908127030444,0.179289582893033
942.200000000001,32530,1.0,22.700156358677,7.40076272752311,67.3977455900024,-302.968784694953,0.182948553972483
942.200000000001,32530,1.02,22.700156358677,7.09477485490009,68.7457005018022,-309.029473362307,0.186607525051932
942.200000000001,32530,1.04,22.700156358677,6.78878698227672,70.0936554136036,-315.090192296213,0.190266496131382
942.200000000001,32530,1.06,22.700156358677,6.64335094641914,70.7343383831814,-317.970862410525,0.193925467210831
942.200000000001,32530,1.08,22.700156358677,6.17846357154283,72.7822862806795,-327.178989855455,0.197584438290281
942.200000000001,32530,1.1,22.700156358677,5.87082336440767,74.1375201490029,-333.272523666323,0.201243409369731
942.200000000001,32630,0.9,22.700156358677,8.86715666366709,60.9379049044406,-273.924035951143,0.165159889458858
942.200000000001,32630,0.92,22.700156358677,8.70116066732677,61.6691597632947,-277.211820225777,0.16883010922461
942.200000000001,32630,0.94,22.700156358677,8.2523566772218,63.6462562335286,-286.101065223265,0.172500328990362
942.200000000001,32630,0.96,22.700156358677,8.09103316077901,64.3569276222793,-289.296340238133,0.176170548756115
942.200000000001,32630,0.98,22.700156358677,7.63755669077696,66.3546075626147,-298.278228903365,0.179840768521867
942.200000000001,32630,1.0,22.700156358677,7.33015669755483,67.7087832271564,-304.366859110673,0.18351098828762
942.200000000001,32630,1.02,22.700156358677,7.02275670433217,69.0629588917005,-310.45552052947,0.187181208053372
942.200000000001,32630,1.04,22.700156358677,6.71535671110966,70.4171345562439,-316.544212416521,0.190851427819124
942.200000000001,32630,1.06,22.700156358677,6.56924949433121,71.0607742496005,-319.438178144208,0.194521647584877
942.200000000001,32630,1.08,22.700156358677,6.10221668462821,73.1181733367415,-328.68880540413,0.198191867350629
942.200000000001,32630,1.1,22.700156358677,5.79315673144249,74.4796615498726,-334.810463790703,0.201862087116382
942.200000000001,32730,0.9,22.700156358677,8.80351375910987,61.2182681915987,-275.184180106885,0.165666080534051
942.200000000001,32730,0.92,22.700156358677,8.63675404791487,61.9528874098988,-278.487092223079,0.169347548990363
942.200000000001,32730,0.94,22.700156358677,8.18588519912904,63.9390801112256,-287.417238774288,0.173029017446676
942.200000000001,32730,0.96,22.700156358677,8.02381946499005,64.6530211589358,-290.627216058657,0.176710485902988
942.200000000001,32730,0.98,22.700156358677,7.56825663914824,66.6598920308524,-299.65043277712,0.1803919543593
942.200000000001,32730,1.0,22.700156358677,7.25944235915804,68.0202979906649,-305.767078473981,0.184073422815612
942.200000000001,32730,1.02,22.700156358677,6.95062807916763,69.3807039504783,-311.883755591322,0.187754891271925
942.200000000001,32730,1.04,22.700156358677,6.64181379917721,70.7411099102918,-318.000463378844,0.191436359728237
942.200000000001,32730,1.06,22.700156358677,6.49503437189781,71.3877108629909,-320.907745132817,0.195117828184549
942.200000000001,32730,1.08,22.700156358677,6.02585283630813,73.4545756377366,-330.200937458163,0.198799296640861
942.200000000001,32730,1.1,22.700156358677,5.71537095920595,74.8223277897322,-336.350763600276,0.202480765097174
942.200000000001,32830,0.9,22.700156358677,8.73977352585586,61.4990602365823,-276.446251539254,0.16617227180081
942.200000000001,32830,0.92,22.700156358677,8.57224893186183,62.2370489594221,-279.764314652095,0.169864988951939
942.200000000001,32830,0.94,22.700156358677,8.11931206661919,64.2323518026534,-288.73542536214,0.173557706103068
942.200000000001,32830,0.96,22.700156358677,7.95650297971548,64.9495675095905,-291.960127419773,0.177250423254197
942.200000000001,32830,0.98,22.700156358677,7.49885060738281,66.9656433687232,-301.024735449502,0.180943140405326
942.200000000001,32830,1.0,22.700156358677,7.18861987776454,68.3322891517585,-307.169439517262,0.184635857556455
942.200000000001,32830,1.02,22.700156358677,6.87838914814611,69.6989349347945,-313.314175214721,0.188328574707584
942.200000000001,32830,1.04,22.700156358677,6.56815841852781,71.0655807178299,-319.458941784581,0.192021291858713
942.200000000001,32830,1.06,22.700156358677,6.42070575274017,71.7151474585069,-322.379559946709,0.195714009009843
942.200000000001,32830,1.08,22.700156358677,5.94937220523135,73.7914923966714,-331.715382488498,0.199406726160972
942.200000000001,32830,1.1,22.700156358677,5.63746622967325,75.1655180669345,-337.893419500161,0.203099443312101
942.200000000001,32930,0.9,22.700156358677,8.67593611211208,61.7802803865016,-277.710247321153,0.166678463259128
942.200000000001,32930,0.92,22.700156358677,8.50764546915316,62.5216437511402,-281.043484550567,0.170382429109331
942.200000000001,32930,0.94,22.700156358677,8.05263743448702,64.5260706259014,-290.055621929564,0.174086394959534
942.200000000001,32930,0.96,22.700156358677,7.88908386147814,65.2465659847203,-293.295071230074,0.177790360809737
942.200000000001,32930,0.98,22.700156358677,7.4293387568621,67.2718608653007,-302.401133732938,0.18149432665994
942.200000000001,32930,1.0,22.700156358677,7.1176894180494,68.6447559850014,-308.573938987815,0.185198292510143
942.200000000001,32930,1.02,22.700156358677,6.80604007923668,70.0176511047022,-314.746776081894,0.188902258360346
942.200000000001,32930,1.04,22.700156358677,6.49439074042427,71.3905462244015,-320.919644250859,0.192606224210548
942.200000000001,32930,1.06,22.700156358677,6.34626380968665,72.043083274795,-323.853619172002,0.196310190060751
942.200000000001,32930,1.08,22.700156358677,5.87277496922877,74.1289228301551,-333.232136982183,0.200014155910954
942.200000000001,32930,1.1,22.700156358677,5.5594427239866,75.5092315835017,-339.438427911923,0.203718121761157
942.200000000001,33030,0.9,22.700156358677,8.61200166541078,62.0619279914392,-278.976164538908,0.167184654909003
942.200000000001,33030,0.92,22.700156358677,8.4429438090914,62.8066711273372,-282.324598969848,0.170899869462536
942.200000000001,33030,0.94,22.700156358677,7.98586145682097,64.8202359021707,-291.377825433164,0.174615084016069
942.200000000001,33030,0.96,22.700156358677,7.82156226608725,65.5440158979456,-294.632044412101,0.178330298569603
942.200000000001,33030,0.98,22.700156358677,7.35972124823145,67.5785438129009,-303.779624454394,0.182045513123136
942.200000000001,33030,1.0,22.700156358677,7.04665114393657,68.9576977682666,-309.980573647788,0.185760727676669
942.200000000001,33030,1.02,22.700156358677,6.73358103964192,70.3368517236312,-316.18155489018,0.189475942230203
942.200000000001,33030,1.04,22.700156358677,6.42051093534713,71.7160056789964,-322.382567410058,0.193191156783736
942.200000000001,33030,1.06,22.700156358677,6.27170871477598,72.3715175539808,-325.329919410279,0.19690637133727
942.200000000001,33030,1.08,22.700156358677,5.79606130532064,74.4668661583684,-334.751197442331,0.200621585890803
942.200000000001,33030,1.1,22.700156358677,5.48130062246265,75.8534675450927,-340.985785273438,0.204336800444336
942.200000000001,33130,0.9,22.700156358677,8.54797033261259,62.3440024044364,-280.244000292033,0.167690846750427
942.200000000001,33130,0.92,22.700156358677,8.37814410029977,63.0921304332898,-283.607654974626,0.171417310011547
942.200000000001,33130,0.94,22.700156358677,7.91898428700956,65.1148469557454,-292.702032843526,0.175143773272668
942.200000000001,33130,0.96,22.700156358677,7.7539383486436,65.8419165660077,-295.971043902543,0.178870236533789
942.200000000001,33130,0.98,22.700156358677,7.28999824140681,67.8856915070532,-305.160204455352,0.182596699794909
942.200000000001,33130,1.0,22.700156358677,6.97550521860537,69.2711137827074,-311.389340274089,0.18632316305603
942.200000000001,33130,1.02,22.700156358677,6.66101219580383,70.656536058362,-317.61850835183,0.19004962631715
942.200000000001,33130,1.04,22.700156358677,6.34651917300232,72.0419583340165,-323.847707909986,0.193776089578271
942.200000000001,33130,1.06,22.700156358677,6.19704063926491,72.7004495416344,-326.80845727862,0.197502552839392
942.200000000001,33130,1.08,22.700156358677,5.71923138972272,74.8053216050356,-336.272560387924,0.201229016100512
942.200000000001,33130,1.1,22.700156358677,5.4030401045982,76.1982251609782,-342.535488038807,0.204955479361633
942.200000000001,33230,0.9,22.700156358677,8.48384225991279,62.6265029814656,-281.513751693247,0.168197038783396
942.200000000001,33230,0.92,22.700156358677,8.31324649072739,63.3780210172442,-284.892649642852,0.171934750756361
942.200000000001,33230,0.94,22.700156358677,7.85200607774543,65.4099031139755,-294.02824114481,0.175672462729325
942.200000000001,33230,0.96,22.700156358677,7.68621226354473,66.140267308746,-297.312066651876,0.17941017470229
942.200000000001,33230,0.98,22.700156358677,7.22016989557821,68.1933032464847,-306.542870591515,0.183147886675254
942.200000000001,33230,1.0,22.700156358677,6.90425180449453,69.5850033127396,-312.80023565818,0.186885598648218
942.200000000001,33230,1.02,22.700156358677,6.58833371341085,70.9767033789946,-319.057633194144,0.190623310621183
942.200000000001,33230,1.04,22.700156358677,6.27241562232695,72.3684034452505,-325.315062413625,0.194361022594147
942.200000000001,33230,1.06,22.700156358677,6.12225975363506,73.0298784867407,-328.289229409502,0.198098734567111
942.200000000001,33230,1.08,22.700156358677,5.64228539785159,75.1442883974019,-337.796222353754,0.201836446540076
942.200000000001,33230,1.1,22.700156358677,5.32466134907607,76.5435036440145,-344.087532678153,0.20557415851304
942.200000000001,33330,0.9,22.700156358677,8.41961759284637,62.9094290814079,-282.785415868336,0.168703231007906
942.200000000001,33330,0.92,22.700156358677,8.24825112765612,63.6643422303861,-286.179580065882,0.172452191696971
942.200000000001,33330,0.94,22.700156358677,7.78492698103129,65.70540370725,-295.356447334911,0.176201152386035
942.200000000001,33330,0.96,22.700156358677,7.61838416449128,66.4390674490698,-298.655109624486,0.1799501130751
942.200000000001,33330,0.98,22.700156358677,7.15023636921672,68.5013783330898,-307.927619732878,0.183699073764165
942.200000000001,33330,1.0,22.700156358677,6.83289106330939,69.8993656460099,-314.213256606082,0.187448034453229
942.200000000001,33330,1.02,22.700156358677,6.51554575740228,71.2973529589291,-320.498926159142,0.191196995142294
942.200000000001,33330,1.04,22.700156358677,6.19820045149476,72.69534027185,-326.784627599058,0.194945955831358
942.200000000001,33330,1.06,22.700156358677,6.0473662275971,73.3598036416805,-329.772232450568,0.198694916520423
942.200000000001,33330,1.08,22.700156358677,5.56522350433198,75.4837657662005,-339.32217989031,0.202443877209488
942.200000000001,33330,1.1,22.700156358677,5.24616453377252,76.8893022106114,-345.641915677642,0.206192837898552
942.400000000001,31330,0.9,22.700156358677,9.62586401386862,57.5956047977212,-258.918835000292,0.158545741220629
942.400000000001,31330,0.92,22.700156358677,9.46897250573056,58.2867520552954,-262.026483299605,0.16206897991442
942.400000000001,31330,0.94,22.700156358677,9.04478435409913,60.1554094553987,-270.428689639937,0.165592218608212
942.400000000001,31330,0.96,22.700156358677,8.89230905137569,60.8271021975729,-273.448896100407,0.169115457302004
942.400000000001,31330,0.98,22.700156358677,8.46370469433,62.7152141130746,-281.938667217951,0.172638695995796
942.400000000001,31330,1.0,22.700156358677,8.17316486444535,63.9951164419129,-287.693700308814,0.176161934689587
942.400000000001,31330,1.02,22.700156358677,7.88262503456051,65.2750187707521,-293.448762019087,0.179685173383379
942.400000000001,31330,1.04,22.700156358677,7.59208520467579,66.5549210995907,-299.203851690037,0.183208412077171
942.400000000001,31330,1.06,22.700156358677,7.45399162353187,67.1632586764865,-301.939255429018,0.186731650770963
942.400000000001,31330,1.08,22.700156358677,7.01257445998796,69.1078142846913,-310.683034526761,0.190254889464754
942.400000000001,31330,1.1,22.700156358677,6.72046571502201,70.394628086105,-316.469282162916,0.193778128158546
942.400000000001,31430,0.9,22.700156358677,9.56321400509535,57.8715941247697,-260.159402124535,0.159051822204982
942.400000000001,31430,0.92,22.700156358677,9.40557069685256,58.5660532542661,-263.281943001567,0.16258630714287
942.400000000001,31430,0.94,22.700156358677,8.97934990049168,60.4436649747596,-271.724414803559,0.166120792080759
942.400000000001,31430,0.96,22.700156358677,8.82614395944408,61.1185763657952,-274.759094886292,0.169655277018647
942.400000000001,31430,0.98,22.700156358677,8.39548579588815,63.015735824749,-283.289551328176,0.173189761956536
942.400000000001,31430,1.0,22.700156358677,8.10355374358647,64.3017712497432,-289.072164214046,0.176724246894424
942.400000000001,31430,1.02,22.700156358677,7.81162169128432,65.5878066747396,-294.854805924422,0.180258731832313
942.400000000001,31430,1.04,22.700156358677,7.51968963898273,66.8738420997335,-300.637475794028,0.183793216770201
942.400000000001,31430,1.06,22.700156358677,7.38093433452354,67.4850947372342,-303.385988469084,0.187327701708089
942.400000000001,31430,1.08,22.700156358677,6.93740196746158,69.4389683584281,-312.171670662612,0.190862186645978
942.400000000001,31430,1.1,22.700156358677,6.64389348207711,70.7319483747189,-317.985647991195,0.194396671583866
942.400000000001,31530,0.9,22.700156358677,9.50046422131517,58.148022986266,-261.401945004955,0.159557903380368
942.400000000001,31530,0.92,22.700156358677,9.34206791566663,58.8457992621021,-264.539402196918,0.163103634566598
942.400000000001,31530,0.94,22.700156358677,8.91381123743217,60.7323795634345,-273.02220364002,0.166649365752828
942.400000000001,31530,0.96,22.700156358677,8.7598734944617,61.4105147292817,-276.071380414656,0.170195096939059
942.400000000001,31530,0.98,22.700156358677,8.32715825354965,63.3167361406009,-284.642587029774,0.173740828125289
942.400000000001,31530,1.0,22.700156358677,8.03383176160857,64.6089144291833,-290.452823670448,0.177286559311519
942.400000000001,31530,1.02,22.700156358677,7.74050526966693,65.9010927177681,-296.263089341124,0.18083229049775
942.400000000001,31530,1.04,22.700156358677,7.44717877772551,67.193271006352,-302.0733833698,0.18437802168398
942.400000000001,31530,1.06,22.700156358677,7.3077606961059,67.8074433469153,-304.835025875515,0.187923752870211
942.400000000001,31530,1.08,22.700156358677,6.86210975689914,69.7706498207615,-313.662677954595,0.191469484056441
942.400000000001,31530,1.1,22.700156358677,6.56719930190148,71.0698058721027,-319.504429174293,0.195015215242671
942.400000000001,31630,0.9,22.700156358677,9.4376148207358,58.4248906852647,-262.646460516486,0.160063984746781
942.400000000001,31630,0.92,22.700156358677,9.27846432228058,59.1259893734876,-265.798857723259,0.163620962185599
942.400000000001,31630,0.94,22.700156358677,8.84816853016056,61.021552493499,-274.322052885345,0.167177939624416
942.400000000001,31630,0.96,22.700156358677,8.69349782351368,61.7029165519794,-277.385749385025,0.170734917063233
942.400000000001,31630,0.98,22.700156358677,8.25872223958534,63.6182143017332,-285.997770919652,0.174291894502051
942.400000000001,31630,1.0,22.700156358677,7.96399909429805,64.9165452058489,-291.835675205432,0.177848871940868
942.400000000001,31630,1.02,22.700156358677,7.6692759490105,66.2148761099658,-297.673608727075,0.181405849379686
942.400000000001,31630,1.04,22.700156358677,7.37455280372255,67.5132070140844,-303.511570805743,0.184962826818503
942.400000000001,31630,1.06,22.700156358677,7.23447089276764,68.13030369281,-306.286364003573,0.18851980425732
942.400000000001,31630,1.08,22.700156358677,6.78669801813211,70.1028578354354,-315.156052652465,0.192076781696138
942.400000000001,31630,1.1,22.700156358677,6.49038336786009,71.4081997264341,-321.025621891925,0.195633759134955
942.400000000001,31730,0.9,22.700156358677,9.3746659608144,58.7021965281266,-263.892945549002,0.160570066304218
942.400000000001,31730,0.92,22.700156358677,9.21476007603987,59.4066228864649,-267.060306432971,0.164138289999868
942.400000000001,31730,0.94,22.700156358677,8.78242194313119,61.3111830404897,-275.623959290956,0.167706513695517
942.400000000001,31730,0.96,22.700156358677,8.62701711289149,61.9957811013321,-278.702198512585,0.171274737391166
942.400000000001,31730,0.98,22.700156358677,8.19017792544856,63.9201695528502,-287.355099610947,0.174842961086816
942.400000000001,31730,1.0,22.700156358677,7.89405591660714,65.2246628090309,-293.220715362921,0.178411184782465
942.400000000001,31730,1.02,22.700156358677,7.59793390776594,66.5291560652107,-299.086360556931,0.181979408478114
942.400000000001,31730,1.04,22.700156358677,7.30181189892445,67.8336493213917,-304.952034507386,0.185547632173764
942.400000000001,31730,1.06,22.700156358677,7.16106510812212,68.4536749660544,-307.739999225845,0.189115855869413
942.400000000001,31730,1.08,22.700156358677,6.71116694008948,70.4355915701692,-316.651791023588,0.192684079565062
942.400000000001,31730,1.1,22.700156358677,6.41344587240006,71.7471290899344,-322.549222341922,0.196252303260711
942.400000000001,31830,0.9,22.700156358677,9.31161779826202,58.9799398244995,-265.141397006982,0.161076148052674
942.400000000001,31830,0.92,22.700156358677,9.15095533553708,59.6876991023933,-268.32374519343,0.1646556180094
942.400000000001,31830,0.94,22.700156358677,8.71657164002111,61.6012704833672,-276.92791962374,0.168235087966126
942.400000000001,31830,0.96,22.700156358677,8.56043152809936,62.2891076482511,-280.020724528062,0.171814557922852
942.400000000001,31830,0.98,22.700156358677,8.12152548178049,64.2226011422336,-288.714569732756,0.175394027879578
942.400000000001,31830,1.0,22.700156358677,7.82400240266033,65.5332664716662,-294.607940703186,0.178973497836304
942.400000000001,31830,1.02,22.700156358677,7.52647932354008,66.8439318010991,-300.50134132211,0.18255296779303
942.400000000001,31830,1.04,22.700156358677,7.22895624441966,68.1545971305328,-306.394770897185,0.186132437749756
942.400000000001,31830,1.06,22.700156358677,7.08754352491391,68.7775563616119,-309.195927932134,0.189711907706482
942.400000000001,31830,1.08,22.700156358677,6.63551671080629,70.7688501966203,-318.149889353118,0.193291377663208
942.400000000001,31830,1.1,22.700156358677,6.3363870070587,72.0865931188326,-324.075226740178,0.196870847619934
942.400000000001,31930,0.9,22.700156358677,9.24847048905202,59.2581198872806,-266.391811809695,0.161582229992142
942.400000000001,31930,0.92,22.700156358677,9.08705025861637,59.9692173259287,-269.589170886843,0.165172946214189
942.400000000001,31930,0.94,22.700156358677,8.65061778373513,61.8918141044941,-278.233930665843,0.168763662436237
942.400000000001,31930,0.96,22.700156358677,8.49374123386018,62.58289546709,-281.341324177557,0.172354378658285
942.400000000001,31930,0.98,22.700156358677,8.05276507841862,64.5255083217059,-290.076177930204,0.175945094880332
942.400000000001,31930,1.0,22.700156358677,7.75383872576045,65.8423554303114,-295.997347802777,0.17953581110238
942.400000000001,31930,1.02,22.700156358677,7.45491237310211,67.1592025389177,-301.918547530636,0.183126527324427
942.400000000001,31930,1.04,22.700156358677,7.15598602044349,68.4760496475252,-307.839776414599,0.186717243546475
942.400000000001,31930,1.06,22.700156358677,7.01390632502524,69.1019470782446,-310.654146529296,0.190307959768523
942.400000000001,31930,1.08,22.700156358677,6.55974751743136,71.1026328903504,-319.650343943727,0.19389867599057
942.400000000001,31930,1.1,22.700156358677,6.25920696246878,72.4265909733426,-325.603631320396,0.197489392212618
942.400000000001,32030,0.9,22.700156358677,9.18522418842298,59.5367360326045,-267.644186890782,0.162088312122618
942.400000000001,32030,0.92,22.700156358677,9.02304500237998,60.2511768649956,-270.856580410121,0.165690274614232
942.400000000001,32030,0.94,22.700156358677,8.58456053641179,62.1828131896087,-279.541989214577,0.169292237105846
942.400000000001,32030,0.96,22.700156358677,8.42694639412412,62.8771438356064,-282.663994222677,0.172894199597459
942.400000000001,32030,0.98,22.700156358677,7.98389688440034,64.8288903466141,-291.439920864104,0.176496162089073
942.400000000001,32030,1.0,22.700156358677,7.68356505839481,66.1519289251159,-297.388933254279,0.180098124580687
942.400000000001,32030,1.02,22.700156358677,7.38323323238931,67.4749675036176,-303.337975706862,0.183700087072301
942.400000000001,32030,1.04,22.700156358677,7.08290140638347,68.7980060821208,-309.287047515827,0.187302049563914
942.400000000001,32030,1.06,22.700156358677,6.94015368948307,69.4268463184826,-312.114651441024,0.190904012055528
942.400000000001,32030,1.08,22.700156358677,6.48385954623283,71.4369388308005,-321.153151115426,0.194505974547142
942.400000000001,32030,1.1,22.700156358677,6.18190592836662,72.7671218176274,-327.134432334025,0.198107937038756
942.400000000001,32130,0.9,22.700156358677,9.12187905088637,59.8157875798085,-268.898519198387,0.162594394444098
942.400000000001,32130,0.92,22.700156358677,8.95893972319292,60.5335770307661,-272.12597067468,0.166207603209522
942.400000000001,32130,0.94,22.700156358677,8.51840005942909,62.4742670277997,-280.8520920822,0.169820811974947
942.400000000001,32130,0.96,22.700156358677,8.36004717207068,63.1718520349526,-283.988731440036,0.173434020740371
942.400000000001,32130,0.98,22.700156358677,7.91492106797176,65.132746475791,-292.805795211025,0.177047229505796
942.400000000001,32130,1.0,22.700156358677,7.61318157224274,66.4619861997882,-298.782693666334,0.18066043827122
942.400000000001,32130,1.02,22.700156358677,7.31144207651422,67.7912259237833,-304.759622391513,0.184273647036644
942.400000000001,32130,1.04,22.700156358677,7.00970258078561,69.1204656477787,-310.736580673628,0.187886855802069
942.400000000001,32130,1.06,22.700156358677,6.86628579846567,69.7522532885943,-313.577439107861,0.191500064567493
942.400000000001,32130,1.08,22.700156358677,6.40785298260514,71.7717672012608,-322.658307205585,0.195113273332918
942.400000000001,32130,1.1,22.700156358677,6.10448409359962,73.1081848197657,-328.667626050092,0.198726482098342
942.400000000001,32230,0.9,22.700156358677,9.05843523023095,60.0952738514137,-270.154805694817,0.163100476956576
942.400000000001,32230,0.92,22.700156358677,8.89473457668971,60.8164171376302,-273.397338606355,0.166724932000055
942.400000000001,32230,0.94,22.700156358677,8.45213651341102,62.766174911477,-282.164236095945,0.170349387043535
942.400000000001,32230,0.96,22.700156358677,8.29304373011783,63.4670193496361,-285.315532621427,0.173973842087014
942.400000000001,32230,0.98,22.700156358677,7.84583779659128,65.4370759715395,-294.173797662969,0.177598297130494
942.400000000001,32230,1.0,22.700156358677,7.54268843818129,66.7725265015712,-300.17862566346,0.181222752173973
942.400000000001,32230,1.02,22.700156358677,7.23953907977169,68.1079770316013,-306.183484141522,0.184847207217453
942.400000000001,32230,1.04,22.700156358677,6.93638972136139,69.4434275616344,-312.188372377297,0.188471662260932
942.400000000001,32230,1.06,22.700156358677,6.79230283130942,70.0781671985572,-315.042505987018,0.192096117304412
942.400000000001,32230,1.08,22.700156358677,6.33172801107728,72.1071171888337,-324.16580856866,0.195720572347891
942.400000000001,32230,1.1,22.700156358677,6.02694164613189,73.4497791517276,-330.203208755054,0.199345027391371
942.400000000001,32330,0.9,22.700156358677,8.99489287952959,60.375194173095,-271.413043356674,0.163606559660047
942.400000000001,32330,0.92,22.700156358677,8.83042971777986,61.0996965031719,-274.670681145403,0.167242260985826
942.400000000001,32330,0.94,22.700156358677,8.38577005823391,63.0585361363447,-283.478418097884,0.170877962311605
942.400000000001,32330,0.96,22.700156358677,8.22593622992621,63.7626450675002,-286.64439457355,0.174513663637384
942.400000000001,32330,0.98,22.700156358677,7.77664723693871,65.7418780995923,-295.543924927528,0.178149364963163
942.400000000001,32330,1.0,22.700156358677,7.47208582629091,67.083549081217,-301.576725885868,0.181785066288941
942.400000000001,32330,1.02,22.700156358677,7.16752441564312,68.4252200628416,-307.609557529753,0.18542076761472
942.400000000001,32330,1.04,22.700156358677,6.86296300499556,69.7668910444653,-313.642419132524,0.189056468940499
942.400000000001,32330,1.06,22.700156358677,6.71820496651475,70.4045872620311,-316.509848552085,0.192692170266278
942.400000000001,32330,1.08,22.700156358677,6.25548481531767,72.442987984413,-325.675651576075,0.196327871592057
942.400000000001,32330,1.1,22.700156358677,5.94927877305209,73.7919039893397,-331.741176752704,0.199963572917836
942.400000000001,32430,0.9,22.700156358677,8.93125215114352,60.6555478736621,-272.673229174469,0.164112642554507
942.400000000001,32430,0.92,22.700156358677,8.76602530065319,61.3834144481457,-275.945995246231,0.167759590166829
942.400000000001,32430,0.94,22.700156358677,8.31930085303096,63.3513500013803,-284.79463494474,0.171406537779152
942.400000000001,32430,0.96,22.700156358677,8.15872483240608,64.0587284796941,-287.975314117985,0.175053485391474
942.400000000001,32430,0.98,22.700156358677,7.70734955491812,66.0471521290996,-296.916173727397,0.178700433003797
942.400000000001,32430,1.0,22.700156358677,7.40137390586208,67.3950531929576,-302.97699098936,0.182347380616119
942.400000000001,32430,1.02,22.700156358677,7.09539825680593,68.7429542568161,-309.037839145172,0.185994328228441
942.400000000001,32430,1.04,22.700156358677,6.78942260774952,70.0908553206758,-315.098717461181,0.189641275840764
942.400000000001,32430,1.06,22.700156358677,6.64399238175286,70.7315126963289,-317.979463293165,0.193288223453086
942.400000000001,32430,1.08,22.700156358677,6.17912357814168,72.7793787826499,-327.187832616091,0.196935171065408
942.400000000001,32430,1.1,22.700156358677,5.87149566058041,74.1345585122542,-333.281526363988,0.200582118677731
942.400000000001,32530,0.9,22.700156358677,8.8675131967292,60.9363342850295,-273.935360152813,0.16461872563995
942.400000000001,32530,0.92,22.700156358677,8.70152147878578,61.6675702964501,-277.223277877475,0.16827691954306
942.400000000001,32530,0.94,22.700156358677,8.25272905619798,63.6446158088095,-286.112883507713,0.17193511344617
942.400000000001,32530,0.96,22.700156358677,8.09140969772267,64.355268880649,-289.308288091096,0.17559330734928
942.400000000001,32530,0.98,22.700156358677,7.63794491566707,66.3528973325881,-298.290540800663,0.17925150125239
942.400000000001,32530,1.0,22.700156358677,7.33055284540164,67.7070380944774,-304.379417645308,0.1829096951555
942.400000000001,32530,1.02,22.700156358677,7.02316077513605,69.0611788563673,-310.468325592376,0.18656788905861
942.400000000001,32530,1.04,22.700156358677,6.71576870487051,70.415319618257,-316.557263901263,0.19022608296172
942.400000000001,32530,1.06,22.700156358677,6.5696652538735,71.0589427223822,-319.451346716621,0.19388427686483
942.400000000001,32530,1.08,22.700156358677,6.10264448151903,73.1162887819214,-328.702348093806,0.19754247076794
942.400000000001,32530,1.1,22.700156358677,5.79359249407402,74.4777419039254,-334.824253926919,0.20120066467105
942.400000000001,32630,0.9,22.700156358677,8.8036761672424,61.2175527421984,-275.199433310047,0.165124808916372
942.400000000001,32630,0.92,22.700156358677,8.63691840494517,61.9521633751048,-278.502526021643,0.168794249114513
942.400000000001,32630,0.94,22.700156358677,8.18605482540092,63.9383328640736,-287.433160672617,0.172463689312655
942.400000000001,32630,0.96,22.700156358677,8.02399098530158,64.6522655680543,-290.643313343745,0.176133129510797
942.400000000001,32630,0.98,22.700156358677,7.56843348355956,66.6591129859483,-299.667022900357,0.179802569708938
942.400000000001,32630,1.0,22.700156358677,7.25962281263838,68.0195030468879,-305.784002540401,0.18347200990708
942.400000000001,32630,1.02,22.700156358677,6.95081214171806,69.3798931078237,-311.901013491818,0.187141450105221
942.400000000001,32630,1.04,22.700156358677,6.64200147079693,70.740283168763,-318.018055006825,0.190810890303363
942.400000000001,32630,1.06,22.700156358677,6.49522375890848,71.3868765647259,-320.925495344891,0.194480330501505
942.400000000001,32630,1.08,22.700156358677,6.02604770657856,73.4537171843086,-330.219194430824,0.198149770699646
942.400000000001,32630,1.1,22.700156358677,5.71556945803467,74.821453351576,-336.369355796385,0.201819210897788
942.400000000001,32730,0.9,22.700156358677,8.73974121294476,61.4992025832278,-276.465445678343,0.165630892383767
942.400000000001,32730,0.92,22.700156358677,8.57221623119592,62.2371930142268,-279.783736675247,0.169311578881184
942.400000000001,32730,0.94,22.700156358677,8.11927831757889,64.2325004758157,-288.75546333949,0.172992265378601
942.400000000001,32730,0.96,22.700156358677,7.95646885383506,64.94971784283,-291.980386741407,0.176672951876018
942.400000000001,32730,0.98,22.700156358677,7.49881542221299,66.9657983684037,-301.045616794439,0.180353638373435
942.400000000001,32730,1.0,22.700156358677,7.1885839745302,68.332447314697,-307.19074237664,0.184034324870852
942.400000000001,32730,1.02,22.700156358677,6.87835252684716,69.6990962609914,-313.335899479305,0.187715011368269
942.400000000001,32730,1.04,22.700156358677,6.56812107916417,71.0657452072856,-319.481087347752,0.191395697865686
942.400000000001,32730,1.06,22.700156358677,6.42066807208065,71.7153134514583,-322.401905716427,0.195076384363103
942.400000000001,32730,1.08,22.700156358677,5.94933343361573,73.7916631955637,-331.738368065264,0.19875707086052
942.400000000001,32730,1.1,22.700156358677,5.63742673611545,75.165692046167,-337.916828344122,0.202437757357937
942.400000000001,32830,0.9,22.700156358677,8.67570848340803,61.7812831492159,-277.73339430341,0.166136976042131
942.400000000001,32830,0.92,22.700156358677,8.50741510890503,62.5226585470055,-281.066906848569,0.169828908843067
942.400000000001,32830,0.94,22.700156358677,8.05239968895196,64.5271179558463,-290.079788422666,0.173520841644003
942.400000000001,32830,0.96,22.700156358677,7.88884346128649,65.2476250091069,-293.319505163836,0.177212774444939
942.400000000001,32830,0.98,22.700156358677,7.42909089449538,67.2729527624789,-302.426319265811,0.180904707245875
942.400000000001,32830,1.0,22.700156358677,7.11743649726737,68.6458701657939,-308.599633871135,0.184596640046812
942.400000000001,32830,1.02,22.700156358677,6.80578210003903,70.0187875691105,-314.772980206297,0.188288572847748
942.400000000001,32830,1.04,22.700156358677,6.49412770281097,71.3917049724258,-320.946357509609,0.191980505648684
942.400000000001,32830,1.06,22.700156358677,6.34599836780831,72.0442526142222,-323.880574385631,0.19567243844962
942.400000000001,32830,1.08,22.700156358677,5.87250184209953,74.13012602508,-333.259865451626,0.199364371250557
942.400000000001,32830,1.1,22.700156358677,5.55916451112644,75.5104571823732,-339.46666795842,0.203056304051493
942.400000000001,32930,0.9,22.700156358677,8.61157812752062,62.063793784271,-279.003276244589,0.166643059891458
942.400000000001,32930,0.92,22.700156358677,8.44251518874701,62.8085593096811,-282.352033565539,0.170346239000157
942.400000000001,32930,0.94,22.700156358677,7.9854190950247,64.8221846191279,-291.406132850553,0.174049418108856
942.400000000001,32930,0.96,22.700156358677,7.82111496489792,65.5459863741937,-294.660665505214,0.177752597217555
942.400000000001,32930,0.98,22.700156358677,7.35926006252884,67.5805754539845,-303.809127112052,0.181455776326254
942.400000000001,32930,1.0,22.700156358677,7.04618054628081,68.9597708714132,-310.010673755972,0.185158955434953
942.400000000001,32930,1.02,22.700156358677,6.73310103003307,70.3389662888406,-316.212252339473,0.188862134543652
942.400000000001,32930,1.04,22.700156358677,6.42002151378518,71.7181617062688,-322.413862093673,0.192565313652351
942.400000000001,32930,1.06,22.700156358677,6.27121481971263,72.373693288172,-325.361497922626,0.19626849276105
942.400000000001,32930,1.08,22.700156358677,5.79555311067708,74.4691048858711,-334.783683060537,0.199971671869749
942.400000000001,32930,1.1,22.700156358677,5.48078296504146,75.8557479585533,-341.018871044163,0.203674850978448
942.400000000001,33030,0.9,22.700156358677,8.54735029349096,62.3467338354972,-280.275088574524,0.167149143931744
942.400000000001,33030,0.92,22.700156358677,8.37751662070868,63.0948946415234,-283.639113863665,0.170863569352449
942.400000000001,33030,0.94,22.700156358677,7.9183366905938,65.1176997837415,-292.734493565682,0.174577994773154
942.400000000001,33030,0.96,22.700156358677,7.7532835211935,65.8448012485612,-296.003864673745,0.17829242019386
942.400000000001,33030,0.98,22.700156358677,7.2893230876965,67.8886657319865,-305.194037145341,0.182006845614565
942.400000000001,33030,1.0,22.700156358677,6.97481628624792,69.2741487061086,-311.423858778288,0.185721271035271
942.400000000001,33030,1.02,22.700156358677,6.66030948479929,70.659631680231,-317.653712560701,0.189435696455976
942.400000000001,33030,1.04,22.700156358677,6.345802683351,72.0451146543519,-323.883597716687,0.193150121876682
942.400000000001,33030,1.06,22.700156358677,6.19631760062243,72.7036347119524,-326.844672913237,0.196864547297387
942.400000000001,33030,1.08,22.700156358677,5.71848741718137,74.8085989945373,-336.309817378802,0.200578972718092
942.400000000001,33030,1.1,22.700156358677,5.40228227900503,76.2015635767194,-342.573434022619,0.204293398138798
942.400000000001,33130,0.9,22.700156358677,8.483025128854,62.6301026529651,-281.548828379253,0.167655228162983
942.400000000001,33130,0.92,22.700156358677,8.31241955409635,63.3816638847997,-284.928144794057,0.171380899899938
942.400000000001,33130,0.94,22.700156358677,7.85115262975084,65.4136627708743,-294.064867524348,0.175106571636894
942.400000000001,33130,0.96,22.700156358677,7.68534928598644,66.1440689458125,-297.349099591861,0.178832243373849
942.400000000001,33130,0.98,22.700156358677,7.21928013064779,68.197222888783,-306.581046192398,0.182557915110804
942.400000000001,33130,1.0,22.700156358677,6.90334388109616,69.5890029477379,-312.839185699868,0.186283586847759
942.400000000001,33130,1.02,22.700156358677,6.58740763154449,70.9807830066929,-319.097357567044,0.190009258584714
942.400000000001,33130,1.04,22.700156358677,6.271471381993,72.3725630656471,-325.355561010798,0.193734930321669
942.400000000001,33130,1.06,22.700156358677,6.12130688258096,73.0340761276689,-328.330095958669,0.197460602058625
942.400000000001,33130,1.08,22.700156358677,5.64130493863732,75.1486075712383,-337.838264909216,0.20118627379558
942.400000000001,33130,1.1,22.700156358677,5.32366263333815,76.5479032425113,-344.130353331342,0.204911945532535
942.400000000001,33230,0.9,22.700156358677,8.41860278047727,62.9138995896858,-282.824492758092,0.168161312585172
942.400000000001,33230,0.92,22.700156358677,8.24722413753856,63.6688663847634,-286.219123421037,0.17189823064262
942.400000000001,33230,0.94,22.700156358677,7.78386706589028,65.7100729047845,-295.397251696758,0.175635148700068
942.400000000001,33230,0.96,22.700156358677,7.61731241438298,66.4437887826649,-298.696367195784,0.179372066757516
942.400000000001,33230,0.98,22.700156358677,7.14913135130383,68.5062462198807,-307.970151094296,0.183108984814965
942.400000000001,33230,1.0,22.700156358677,6.83176349401056,69.904332877429,-314.256651297289,0.186845902872413
942.400000000001,33230,1.02,22.700156358677,6.51439563671722,71.3024195349777,-320.543184070431,0.190582820929861
942.400000000001,33230,1.04,22.700156358677,6.19702777942381,72.7005061925266,-326.829748623406,0.194319738987309
942.400000000001,33230,1.06,22.700156358677,6.04618283685238,73.365016780859,-329.817763675777,0.198056657044758
942.400000000001,33230,1.08,22.700156358677,5.56400585126656,75.4891298396729,-339.369022170348,0.201793575102206
942.400000000001,33230,1.1,22.700156358677,5.2449242075439,76.894766165172,-345.689625424021,0.205530493159654
942.400000000001,33330,0.9,22.700156358677,8.35408339456235,63.1981240016039,-284.102078823304,0.168667397198304
942.400000000001,33330,0.92,22.700156358677,8.18193051899314,63.9565014896224,-287.512046822352,0.172415561580488
942.400000000001,33330,0.94,22.700156358677,7.7164801517128,66.0069295127863,-296.731643066851,0.176163725962673
942.400000000001,33330,0.96,22.700156358677,7.54917306078929,66.7439600789196,-300.045664435767,0.179911890344857
942.400000000001,33330,0.98,22.700156358677,7.07887690886342,68.815735023968,-309.361348706405,0.183660054727042
942.400000000001,33330,1.0,22.700156358677,6.76007528743874,70.2201377795588,-315.676252361644,0.187408219109226
942.400000000001,33330,1.02,22.700156358677,6.44127366601375,71.6245405351509,-321.991188797709,0.191156383491411
942.400000000001,33330,1.04,22.700156358677,6.12247204458886,73.0289432907427,-328.306157217104,0.194904547873595
